Rk,Player,Tm,FantPos,Age,G,GS,Cmp,Att,Yds,TD,Int,Att,Yds,Y/A,TD,Tgt,Rec,Yds,Y/R,TD,FantPt,PPR,DKPt,FDPt,VBD,PosRank,OvRank
1,Todd Gurley*+\GurlTo01,LAR,RB,23,15,15,0,0,0,0,0,279,1305,4.68,13,87,64,788,12.31,6,319,,391.3,351.3,192,1,1
2,Le'Veon Bell*+\BellLe00,PIT,RB,25,15,15,0,0,0,0,0,321,1291,4.02,9,106,85,655,7.71,2,259,,349.6,299.1,132,2,2
3,Kareem Hunt*\HuntKa00,KAN,RB,22,16,16,0,0,0,0,0,272,1327,4.88,8,63,53,455,8.58,3,242,,302.2,268.7,115,3,3
4,Alvin Kamara*\KamaAl00,NOR,RB,22,16,3,0,0,0,0,0,120,728,6.07,8,100,81,826,10.20,5,233,,327.4,279.9,106,4,4
5,DeAndre Hopkins*+\HopkDe00,HOU,WR,25,15,15,0,0,0,0,0,0,0,,0,174,96,1378,14.35,13,216,,313.8,261.8,103,1,5
6,Melvin Gordon\GordMe00,LAC,RB,24,16,16,0,0,0,0,0,284,1105,3.89,8,83,58,476,8.21,4,230,,294.1,259.1,103,5,6
7,Russell Wilson*\WilsRu00,SEA,QB,29,16,16,339,553,3983,34,11,95,586,6.17,3,0,0,0,,0,354,,367.9,358.9,99,1,8
8,Antonio Brown*+\BrowAn04,PIT,WR,29,14,14,0,0,0,0,0,0,0,,0,163,101,1533,15.18,9,211,,313.3,259.8,99,2,7
9,Mark Ingram*\IngrMa01,NOR,RB,28,16,13,0,0,0,0,0,230,1124,4.89,12,71,58,416,7.17,0,220,,287.0,249.0,93,6,9
10,LeSean McCoy*\McCoLe01,BUF,RB,29,16,16,0,0,0,0,0,287,1138,3.97,6,77,59,448,7.59,2,205,,270.6,234.1,78,7,10
11,Rob Gronkowski*+\GronRo00,NWE,TE,28,14,14,0,0,0,0,0,0,0,,0,105,69,1084,15.71,8,158,,230.4,192.9,77,1,11
12,Travis Kelce*\KelcTr00,KAN,TE,28,15,15,0,1,0,0,1,2,7,3.50,0,122,83,1038,12.51,8,151,,237.5,193.0,69,2,12
13,Leonard Fournette\FourLe00,JAX,RB,22,13,13,0,0,0,0,0,268,1040,3.88,9,48,36,302,8.39,1,194,,236.2,212.2,67,8,13
14,Keenan Allen*\AlleKe00,LAC,WR,25,16,15,0,0,0,0,0,2,9,4.50,0,159,102,1393,13.66,6,176,,287.2,233.2,64,3,14
15,Marvin Jones\JoneMa02,DET,WR,27,16,16,0,0,0,0,0,0,0,,0,107,61,1101,18.05,9,166,,228.1,194.6,54,4,15
16,Tyreek Hill*\HillTy00,KAN,WR,23,15,13,0,1,0,0,1,17,59,3.47,0,105,75,1183,15.77,7,164,,249.2,208.7,52,5,16
17,Julio Jones*\JoneJu02,ATL,WR,28,16,16,0,0,0,0,0,1,15,15.00,0,148,88,1444,16.41,3,164,,254.9,207.9,51,6,17
18,Ezekiel Elliott\ElliEz00,DAL,RB,22,10,10,0,0,0,0,0,242,983,4.06,7,38,26,269,10.35,2,177,,210.2,190.2,50,9,18
19,Jordan Howard\HowaJo00,CHI,RB,23,16,16,0,0,0,0,0,276,1122,4.07,9,32,23,125,5.43,0,177,,206.7,188.2,50,10,19
20,Zach Ertz*\ErtzZa00,PHI,TE,27,14,13,0,0,0,0,0,0,0,,0,110,74,824,11.14,8,130,,206.4,165.4,49,3,20
21,Cam Newton\NewtCa00,CAR,QB,28,16,16,291,492,3302,22,16,139,754,5.42,6,0,0,0,,0,303,,322.5,315.5,48,2,21
22,Carlos Hyde\HydeCa00,SFO,RB,27,16,16,0,0,0,0,0,240,938,3.91,8,88,59,350,5.93,0,175,,240.8,204.3,48,11,22
23,Alex Smith\SmitAl03,KAN,QB,33,15,15,341,505,4042,26,5,60,355,5.92,1,0,0,0,,0,299,,307.2,300.2,44,3,23
24,Brandin Cooks\CookBr00,NWE,WR,24,16,15,0,0,0,0,0,9,40,4.44,0,114,65,1082,16.65,7,156,,224.2,188.7,44,7,24
25,Michael Thomas*\ThomMi05,NOR,WR,24,16,14,0,0,0,0,0,0,0,,0,149,104,1245,11.97,5,155,,261.5,206.5,42,8,25
26,Tom Brady*+\BradTo00,NWE,QB,40,16,16,385,581,4577,32,8,25,28,1.12,0,0,0,0,,0,296,,309.9,303.9,41,4,26
27,Larry Fitzgerald*\FitzLa00,ARI,WR,34,16,16,1,1,21,0,0,0,0,,0,161,109,1156,10.61,6,152,,265.4,206.9,40,9,27
28,A.J. Green*\GreeA.00,CIN,WR,29,16,16,0,0,0,0,0,0,0,,0,143,75,1078,14.37,8,152,,231.8,189.3,39,10,28
29,Davante Adams\AdamDa01,GNB,WR,25,14,14,0,0,0,0,0,0,0,,0,117,74,885,11.96,10,151,,225.5,185.5,38,11,29
30,Dion Lewis\LewiDi00,NWE,RB,27,16,8,0,0,0,0,0,180,896,4.98,6,35,32,214,6.69,3,165,,209.0,187.0,38,12,30
31,Devonta Freeman\FreeDe00,ATL,RB,25,14,14,0,0,0,0,0,196,865,4.41,7,47,36,317,8.81,1,164,,207.2,182.2,37,13,31
32,Adam Thielen*\ThieAd00,MIN,WR,27,16,16,0,0,0,0,0,1,11,11.00,0,142,91,1276,14.02,4,149,,244.7,194.2,36,12,32
33,Doug Baldwin\BaldDo00,SEA,WR,29,16,16,0,0,0,0,0,2,-8,-4.00,0,116,75,991,13.21,8,148,,226.3,185.8,36,13,33
34,Jarvis Landry\LandJa00,MIA,WR,25,16,16,0,1,0,0,0,1,-7,-7.00,0,161,112,987,8.81,9,148,,265.0,204.0,35,14,34
35,Jimmy Graham*\GrahJi00,SEA,TE,31,16,13,0,0,0,0,0,0,0,,0,96,57,520,9.12,10,116,,174.0,142.5,34,4,35
36,Lamar Miller\MillLa01,HOU,RB,26,16,13,0,0,0,0,0,238,888,3.73,3,45,36,327,9.08,3,158,,199.5,175.5,30,14,36
37,Evan Engram\EngrEv00,NYG,TE,23,15,11,0,0,0,0,0,1,14,14.00,0,115,64,722,11.28,6,110,,176.6,141.6,28,5,38
38,Carson Wentz*\WentCa00,PHI,QB,25,13,13,265,440,3296,33,7,64,299,4.67,0,0,0,0,,0,284,,297.7,288.7,28,5,37
39,Robby Anderson\AndeRo04,NYJ,WR,24,16,15,0,0,0,0,0,3,9,3.00,0,114,63,941,14.94,7,139,,203.0,168.5,26,15,39
40,Alshon Jeffery\JeffAl00,PHI,WR,27,16,16,0,0,0,0,0,0,0,,0,120,57,789,13.84,9,139,,198.9,167.4,26,16,40
41,Matthew Stafford\StafMa00,DET,QB,29,16,16,371,565,4446,29,10,29,98,3.38,0,0,0,0,,0,278,,293.6,283.6,22,6,41
42,Kirk Cousins\CousKi00,WAS,QB,29,16,16,347,540,4093,27,13,49,179,3.65,4,0,0,0,,0,278,,301.6,290.6,22,7,42
43,Christian McCaffrey\McCaCh01,CAR,RB,21,16,10,0,0,0,0,0,117,435,3.72,2,113,80,651,8.14,5,149,,235.6,188.6,22,15,44
44,Stefon Diggs\DiggSt00,MIN,WR,24,14,14,0,0,0,0,0,8,13,1.63,0,95,64,849,13.27,8,134,,201.2,166.2,22,17,43
45,Mike Evans\EvanMi00,TAM,WR,24,15,15,0,0,0,0,0,0,0,,0,136,71,1001,14.10,5,134,,206.1,167.6,22,18,45
46,Alex Collins\CollAl00,BAL,RB,23,15,12,0,0,0,0,0,212,973,4.59,6,36,23,187,8.13,0,148,,179.0,159.5,21,16,48
47,Devin Funchess\FuncDe00,CAR,WR,23,16,16,0,0,0,0,0,0,0,,0,111,63,840,13.33,8,134,,198.0,163.5,21,19,46
48,JuJu Smith-Schuster\SmitJu00,PIT,WR,21,14,7,0,0,0,0,0,0,0,,0,79,58,917,15.81,7,134,,200.7,168.7,21,20,47
49,C.J. Anderson\AndeC.00,DEN,RB,26,16,16,0,0,0,0,0,245,1007,4.11,3,40,28,224,8.00,1,147,,182.1,161.1,20,17,49
50,Golden Tate\TateGo00,DET,WR,29,16,12,0,0,0,0,0,5,22,4.40,0,120,92,1003,10.90,5,133,,228.5,178.5,20,21,50
51,Kyle Rudolph\RudoKy00,MIN,TE,28,16,16,0,0,0,0,0,0,0,,0,81,57,532,9.33,8,101,,161.2,129.7,19,6,51
52,Delanie Walker\WalkHu00,TEN,TE,33,16,11,0,0,0,0,0,2,-2,-1.00,1,111,74,807,10.91,3,101,,179.5,137.5,19,7,52
53,Frank Gore\GoreFr00,IND,RB,34,16,16,0,0,0,0,0,261,961,3.68,3,38,29,245,8.45,1,145,,179.6,159.1,18,18,53
54,Philip Rivers*\RivePh00,LAC,QB,36,16,16,360,575,4515,28,10,18,-2,-0.11,0,0,0,0,,0,272,,284.4,280.4,17,8,54
55,Marshawn Lynch\LyncMa00,OAK,RB,31,15,15,0,0,0,0,0,207,891,4.30,7,31,20,151,7.55,0,144,,171.2,154.2,17,19,55
56,Latavius Murray\MurrLa00,MIN,RB,27,16,11,0,0,0,0,0,216,842,3.90,8,17,15,103,6.87,0,143,,163.5,150.0,15,20,56
57,Duke Johnson\JohnDu00,CLE,RB,24,16,0,0,0,0,0,0,82,348,4.24,4,93,74,693,9.36,3,142,,224.1,179.1,15,21,57
58,Tevin Coleman\ColeTe01,ATL,RB,24,15,3,0,0,0,0,0,156,628,4.03,5,39,27,299,11.07,3,141,,173.7,154.2,14,22,59
59,Demaryius Thomas\ThomDe03,DEN,WR,30,16,16,0,0,0,0,0,0,0,,0,140,83,949,11.43,5,127,,209.9,164.4,14,22,58
60,Cameron Brate\BratCa00,TAM,TE,26,16,6,0,0,0,0,0,0,0,,0,77,48,591,12.31,6,95,,146.1,119.1,13,8,60
61,Nelson Agholor\AghoNe00,PHI,WR,24,16,10,0,0,0,0,0,1,7,7.00,0,95,62,768,12.39,8,126,,196.5,162.5,13,23,61
62,Dak Prescott\PresDa01,DAL,QB,24,16,16,308,490,3324,22,13,57,357,6.26,6,0,0,0,,0,267,,282.7,273.7,11,9,62
63,Jack Doyle\DoylJa00,IND,TE,27,15,15,0,0,0,0,0,0,0,,0,108,80,690,8.63,4,91,,174.0,129.0,9,9,63
64,Ben Roethlisberger*\RoetBe00,PIT,QB,35,15,15,360,561,4251,28,14,28,47,1.68,0,0,0,0,,0,263,,278.7,274.7,7,10,64
65,Drew Brees*\BreeDr00,NOR,QB,38,16,16,386,536,4334,23,8,33,12,0.36,2,0,0,0,,0,263,,273.6,270.6,7,11,65
66,T.Y. Hilton\HiltT.00,IND,WR,28,16,16,0,0,0,0,0,0,0,,0,109,57,966,16.95,4,119,,179.6,147.1,6,24,66
67,DeMarco Murray\MurrDe00,TEN,RB,29,15,15,0,0,0,0,0,184,659,3.58,6,47,39,266,6.82,1,133,,178.5,152.0,5,23,67
68,Dez Bryant\BryaDe01,DAL,WR,29,16,16,0,0,0,0,0,1,-4,-4.00,0,132,69,838,12.14,6,117,,190.4,151.9,5,25,68
69,Kenny Stills\StilKe00,MIA,WR,25,16,16,0,0,0,0,0,0,0,,0,105,58,847,14.60,6,117,,179.7,145.7,4,26,69
70,Jason Witten\WittJa00,DAL,TE,35,16,16,0,0,0,0,0,0,0,,0,87,63,560,8.89,5,84,,151.0,115.5,2,10,71
71,Cooper Kupp\KuppCo00,LAR,WR,24,15,6,0,1,0,0,0,0,0,,0,94,62,869,14.02,5,115,,180.9,145.9,2,27,70
72,Tyler Kroft\KrofTy00,CIN,TE,25,16,16,0,0,0,0,0,0,0,,0,62,42,404,9.62,7,82,,127.4,103.4,1,11,73
73,Michael Crabtree\CrabMi00,OAK,WR,30,14,14,0,0,0,0,0,0,0,,0,101,58,618,10.66,8,114,,174.8,142.8,1,28,72
74,Shane Smith\SmitSh02,NYG,,24,11,4,0,0,0,0,0,0,0,,0,0,0,0,,0,,,,,,1,78
75,Alex Armah\ArmaAl00,CAR,,23,9,0,0,0,0,0,0,0,0,,0,0,0,0,,0,,,,,,2,77
76,Hunter Henry\HenrHu00,LAC,TE,23,14,13,0,0,0,0,0,0,0,,0,62,45,579,12.87,4,82,,129.9,104.4,,12,76
77,Jared Goff\GoffJa00,LAR,QB,23,15,15,296,477,3804,28,7,28,51,1.82,1,0,0,0,,0,255,,268.3,262.3,,12,75
78,Eric Ebron\EbroEr00,DET,TE,24,16,9,0,0,0,0,0,0,0,,0,86,53,574,10.83,4,79,,136.4,105.9,,13,
79,Blake Bortles\BortBl00,JAX,QB,25,16,16,315,523,3687,21,13,57,322,5.65,2,0,0,0,,0,252,,271.7,262.7,,13,
80,Vernon Davis\DaviVe00,WAS,TE,33,16,16,0,0,0,0,0,0,0,,0,69,43,648,15.07,3,79,,126.8,100.3,,14,
81,Case Keenum\KeenCa00,MIN,QB,29,15,14,325,481,3547,22,7,40,160,4.00,1,0,0,0,,0,240,,251.9,244.9,,14,
82,Jared Cook\CookJa02,OAK,TE,30,16,16,0,0,0,0,0,0,0,,0,86,54,688,12.74,2,79,,136.8,105.8,,15,
83,Matt Ryan\RyanMa00,ATL,QB,32,16,16,342,529,4095,20,12,32,143,4.47,0,0,0,0,,0,230,,249.1,240.1,,15,
84,Ben Watson\WatsBe00,BAL,TE,37,16,12,0,0,0,0,0,0,0,,0,79,61,522,8.56,4,78,,140.2,106.7,,16,
85,Tyrod Taylor\TaylTy00,BUF,QB,28,15,14,263,420,2799,14,4,84,427,5.08,4,0,0,0,,0,223,,234.7,226.7,,16,
86,O.J. Howard\HowaO.00,TAM,TE,23,14,14,0,0,0,0,0,0,0,,0,39,26,432,16.62,6,75,,106.2,88.2,,17,
87,Marcus Mariota\MariMa01,TEN,QB,24,15,15,281,453,3232,13,15,60,312,5.20,5,0,0,0,,0,214,,232.5,225.5,,17,
88,Austin Hooper\HoopAu00,ATL,TE,23,16,8,0,0,0,0,0,0,0,,0,65,49,526,10.73,3,71,,122.6,95.1,,18,
89,Andy Dalton\DaltAn00,CIN,QB,30,16,16,297,496,3320,25,12,38,99,2.61,0,0,0,0,,0,211,,229.7,222.7,,18,
90,Charles Clay\ClayCh00,BUF,TE,28,13,13,0,0,0,0,0,0,0,,0,74,49,558,11.39,2,68,,119.8,92.3,,19,
91,Jacoby Brissett\BrisJa00,IND,QB,24,16,15,276,469,3098,13,7,63,260,4.13,4,0,0,0,,0,208,,221.9,212.9,,19,
92,Marcedes Lewis\LewiMa00,JAX,TE,33,16,16,0,0,0,0,0,0,0,,0,48,24,318,13.25,5,64,,90.8,75.8,,20,
93,Josh McCown\McCoJo01,NYJ,QB,38,13,13,267,397,2926,18,9,37,124,3.35,5,0,0,0,,0,207,,224.4,214.4,,20,
94,George Kittle\KittGe00,SFO,TE,24,15,7,0,0,0,0,0,0,0,,0,63,43,515,11.98,2,64,,109.5,85.0,,21,
95,Derek Carr\CarrDe02,OAK,QB,26,15,15,323,515,3496,22,13,23,66,2.87,0,0,0,0,,0,206,,225.4,219.4,,21,
96,David Njoku\NjokDa00,CLE,TE,21,16,5,0,0,0,0,0,1,1,1.00,0,60,32,386,12.06,4,63,,97.7,78.7,,22,
97,Jameis Winston\WinsJa00,TAM,QB,23,13,13,282,442,3504,19,11,33,135,4.09,1,0,0,0,,0,204,,225.7,212.7,,22,
98,Garrett Celek\CeleGa00,SFO,TE,29,16,13,0,0,0,0,0,0,0,,0,33,21,336,16.00,4,58,,81.6,68.1,,23,
99,Eli Manning\MannEl00,NYG,QB,36,15,15,352,571,3468,19,13,12,26,2.17,1,0,0,0,,0,195,,208.3,200.3,,23,
100,Julius Thomas\ThomJu00,MIA,TE,29,14,13,0,0,0,0,0,0,0,,0,62,41,388,9.46,3,57,,100.8,77.3,,24,
101,Jerick McKinnon\McKiJe00,MIN,RB,25,16,1,0,0,0,0,0,150,570,3.80,3,68,51,421,8.25,2,127,,186.1,152.6,,24,
102,Joe Flacco\FlacJo00,BAL,QB,32,16,16,352,549,3141,18,13,25,54,2.16,1,0,0,0,,0,185,,201.0,198.0,,24,
103,Trey Burton\BurtTr01,PHI,TE,26,15,1,0,0,0,0,0,0,0,,0,31,23,248,10.78,5,57,,82.8,68.3,,25,
104,Derrick Henry\HenrDe00,TEN,RB,23,16,2,0,0,0,0,0,176,744,4.23,5,17,11,136,12.36,1,124,,141.0,129.5,,25,
105,DeShone Kizer\KizeDe00,CLE,QB,21,15,15,255,476,2894,11,22,77,419,5.44,5,0,0,0,,0,176,,209.7,197.7,,25,
106,Jesse James\JameJe00,PIT,TE,23,16,14,0,0,0,0,0,0,0,,0,63,43,372,8.65,3,55,,101.2,76.7,,26,
107,Bilal Powell\PoweBi00,NYJ,RB,29,15,10,0,0,0,0,0,178,772,4.34,5,33,23,170,7.39,0,122,,152.2,133.7,,26,
108,Deshaun Watson\WatsDe00,HOU,QB,22,7,6,126,204,1699,19,8,36,269,7.47,2,0,0,0,,0,173,,183.9,176.9,,26,
109,Ed Dickson\DickEd00,CAR,TE,30,16,12,0,0,0,0,0,0,0,,0,48,30,437,14.57,1,52,,82.7,64.7,,27,
110,Javorius Allen\AlleJa01,BAL,RB,26,16,0,0,0,0,0,0,153,591,3.86,4,60,46,250,5.43,2,120,,172.1,143.1,,27,
111,Jay Cutler\CutlJa00,MIA,QB,34,14,14,266,429,2666,19,14,19,32,1.68,0,0,0,0,,0,158,,174.8,171.8,,27,
112,Austin Seferian-Jenkins\SefeAu00,NYJ,TE,25,13,10,0,0,0,0,0,0,0,,0,74,50,357,7.14,3,52,,105.7,76.7,,28,
113,Orleans Darkwa\DarkOr00,NYG,RB,25,15,11,0,0,0,0,0,171,751,4.39,5,28,19,116,6.11,0,119,,143.7,128.2,,28,
114,Mitch Trubisky\TrubMi00,CHI,QB,23,12,12,196,330,2193,7,7,41,248,6.05,2,0,0,0,,0,137,,150.5,141.5,,28,
115,Antonio Gates\GateAn00,LAC,TE,37,16,4,0,0,0,0,0,0,0,,0,52,30,316,10.53,3,52,,82.6,64.6,,29,
116,Jamaal Williams\WillJa06,GNB,RB,22,16,7,0,0,0,0,0,153,556,3.63,4,34,25,262,10.48,2,118,,148.8,130.3,,29,
117,Aaron Rodgers\RodgAa00,GNB,QB,34,7,7,154,238,1675,16,6,24,126,5.25,0,0,0,0,,0,134,,142.6,135.6,,29,
118,Jermaine Kearse\KearJe01,NYJ,WR,27,16,14,0,0,0,0,0,0,0,,0,102,65,810,12.46,5,113,,179.0,143.5,,29,74
119,Jermaine Gresham\GresJe00,ARI,TE,29,14,14,0,0,0,0,0,0,0,,0,46,33,322,9.76,2,44,,80.2,60.7,,30,
120,Isaiah Crowell\CrowIs00,CLE,RB,24,16,16,0,0,0,0,0,206,853,4.14,2,42,28,182,6.50,0,116,,150.5,129.5,,30,
121,Trevor Siemian\SiemTr00,DEN,QB,26,11,10,206,349,2285,12,14,31,127,4.10,1,0,0,0,,0,130,,148.1,140.1,,30,
122,Marquise Goodwin\GoodMa00,SFO,WR,27,16,16,0,0,0,0,0,4,44,11.00,0,105,56,962,17.18,2,113,,171.6,140.6,,30,
123,Seth Devalve\DevaSe00,CLE,TE,24,16,4,0,0,0,0,0,0,0,,0,58,33,395,11.97,1,44,,80.5,60.0,,31,
124,Chris Thompson\ThomCh03,WAS,RB,27,10,1,0,0,0,0,0,64,294,4.59,2,54,39,510,13.08,4,112,,159.4,131.9,,31,
125,Amari Cooper\CoopAm00,OAK,WR,23,14,12,0,0,0,0,0,1,4,4.00,0,96,48,680,14.17,7,110,,161.4,134.4,,31,
126,Brett Hundley\HundBr00,GNB,QB,24,11,9,192,316,1836,9,12,36,270,7.50,2,1,1,10,10.00,0,123,,144.4,135.9,,31,
127,Nick O'Leary\OLeaNi00,BUF,TE,25,15,5,0,0,0,0,0,0,0,,0,32,22,322,14.64,2,42,,68.2,53.2,,32,
128,Carson Palmer\PalmCa00,ARI,QB,38,7,7,164,267,1978,9,7,14,12,0.86,0,0,0,0,,0,104,,112.3,109.3,,32,
129,Joe Mixon\MixoJo00,CIN,RB,21,14,7,0,0,0,0,0,178,626,3.52,4,34,30,287,9.57,0,111,,149.3,126.3,,32,
130,Paul Richardson\RichPa01,SEA,WR,25,16,13,0,0,0,0,0,0,0,,0,80,44,703,15.98,6,108,,153.3,128.3,,32,
131,Stephen Anderson\AndeSt01,HOU,TE,24,15,5,0,0,0,0,0,0,0,,0,52,25,342,13.68,1,40,,68.2,52.7,,33,
132,C.J. Beathard\BeatC.00,SFO,QB,24,7,5,123,224,1430,4,6,26,136,5.23,3,0,0,0,,0,89,,102.8,94.8,,33,
133,Jay Ajayi\AjayJa00,2TM,RB,24,14,8,0,0,0,0,0,208,873,4.20,1,34,24,158,6.58,1,111,,143.1,123.1,,33,
134,Mohamed Sanu\SanuMo00,ATL,WR,28,15,15,1,1,51,1,0,4,10,2.50,0,96,67,703,10.49,5,107,,177.3,140.8,,33,
135,Luke Willson\WillLu00,SEA,TE,27,16,7,0,0,0,0,0,0,0,,0,22,15,153,10.20,4,39,,57.3,46.8,,34,
136,Jimmy Garoppolo\GaroJi00,SFO,QB,26,6,5,120,178,1560,7,5,15,11,0.73,1,1,1,-6,-6.00,0,87,,95.9,92.4,,34,
137,Kenyan Drake\DrakKe00,MIA,RB,23,16,6,0,0,0,0,0,133,644,4.84,3,48,32,239,7.47,1,110,,150.3,126.3,,34,
138,Robert Woods\WoodRo02,LAR,WR,25,12,11,0,0,0,0,0,2,12,6.00,0,85,56,781,13.95,5,107,,167.3,135.3,,34,
139,Ricky Seals-Jones\SealRi00,ARI,TE,22,10,1,0,0,0,0,0,0,0,,0,28,12,201,16.75,3,38,,53.1,44.1,,35,
140,Ryan Fitzpatrick\FitzRy00,TAM,QB,35,6,3,96,163,1103,7,3,15,78,5.20,0,0,0,0,,0,80,,79.9,76.9,,35,
141,Jonathan Stewart\StewJo00,CAR,RB,30,15,10,0,0,0,0,0,198,680,3.43,6,15,8,52,6.50,1,109,,123.2,113.2,,35,
142,Sammy Watkins\WatkSa00,LAR,WR,24,15,14,0,0,0,0,0,0,0,,0,70,39,593,15.21,8,107,,149.3,126.8,,35,
143,Darren Fells\FellDa01,DET,TE,31,16,13,0,0,0,0,0,0,0,,0,26,17,177,10.41,3,36,,55.7,44.2,,36,
144,Brock Osweiler\OsweBr00,DEN,QB,27,6,4,96,172,1088,5,5,14,64,4.57,1,0,0,0,,0,68,,76.9,72.9,,36,
145,Giovani Bernard\BernGi00,CIN,RB,26,16,2,0,0,0,0,0,105,458,4.36,2,60,43,389,9.05,2,109,,157.7,130.2,,36,
146,Ted Ginn\GinnTe00,NOR,WR,32,15,10,0,0,0,0,0,10,39,3.90,0,70,53,787,14.85,4,107,,162.6,133.1,,36,
147,Gerald Everett\EverGe00,LAR,TE,23,16,2,0,0,0,0,0,1,13,13.00,0,32,16,244,15.25,2,36,,55.7,43.7,,37,
148,Brian Hoyer\HoyeBr00,2TM,QB,32,11,6,123,211,1287,4,4,9,4,0.44,1,0,0,0,,0,66,,71.9,67.9,,37,
149,Theo Riddick\RiddTh00,DET,RB,26,16,5,0,0,0,0,0,84,286,3.40,3,71,53,444,8.38,2,101,,161.0,127.5,,37,
150,Rishard Matthews\MattRi00,TEN,WR,28,14,11,0,0,0,0,0,1,-3,-3.00,0,87,53,795,15.00,4,105,,159.2,129.7,,37,
151,Zach Miller\MillZa02,CHI,TE,33,8,6,0,0,0,0,0,0,0,,0,35,20,236,11.80,2,36,,58.6,45.6,,38,
152,Blaine Gabbert\GabbBl00,ARI,QB,28,5,5,95,171,1086,6,6,22,82,3.73,0,0,0,0,,0,62,,72.6,67.6,,38,
153,Rex Burkhead\BurkRe00,NWE,RB,27,10,3,0,0,0,0,0,64,264,4.13,5,36,30,254,8.47,3,100,,135.8,114.8,,38,
154,Mike Wallace\WallMi00,BAL,WR,31,15,14,0,0,0,0,0,1,4,4.00,0,92,52,748,14.38,4,99,,154.2,125.2,,38,
155,Rhett Ellison\ElliRh00,NYG,TE,29,16,14,0,0,0,0,0,0,0,,0,32,24,235,9.79,2,36,,62.5,47.5,,39,
156,Tom Savage\SavaTo00,HOU,QB,27,8,7,125,223,1412,5,6,4,2,0.50,0,0,0,0,,0,51,,66.7,56.7,,39,
157,LeGarrette Blount\BlouLe00,PHI,RB,31,16,11,0,0,0,0,0,173,766,4.43,2,8,8,50,6.25,1,100,,111.6,103.6,,39,
158,Tyrell Williams\WillTy00,LAC,WR,25,16,15,0,0,0,0,0,0,0,,0,69,43,728,16.93,4,95,,141.8,116.3,,39,
159,Tyler Higbee\HigbTy00,LAR,TE,24,16,16,0,0,0,0,0,0,0,,0,45,25,295,11.80,1,36,,63.5,48.0,,40,
160,Drew Stanton\StanDr00,ARI,QB,33,5,4,79,159,894,6,5,9,7,0.78,0,0,0,0,,0,50,,58.5,55.5,,40,
161,Ameer Abdullah\AbduAm00,DET,RB,24,14,11,0,0,0,0,0,165,552,3.35,4,35,25,162,6.48,1,99,,131.4,111.9,,40,
162,Jamison Crowder\CrowJa00,WAS,WR,24,15,6,0,0,0,0,0,7,34,4.86,0,103,66,789,11.95,3,94,,166.3,127.3,,40,
163,A.J. Derby\DerbA.00,2TM,TE,26,11,1,0,0,0,0,0,0,0,,0,40,21,244,11.62,2,34,,59.4,44.9,,41,
164,Matt Moore\MoorMa01,MIA,QB,33,4,2,78,127,861,4,5,3,9,3.00,0,0,0,0,,0,41,,49.3,46.3,,41,
165,Samaje Perine\PeriSa00,WAS,RB,22,16,8,0,0,0,0,0,175,603,3.45,1,24,22,182,8.27,1,87,,116.5,97.5,,41,
166,Randall Cobb\CobbRa00,GNB,WR,27,15,14,1,1,10,0,0,9,17,1.89,0,92,66,653,9.89,4,93,,162.4,126.4,,41,
167,T.J. Yates\YateT.00,HOU,QB,30,4,3,47,97,523,4,3,5,51,10.20,0,0,0,0,,0,36,,41.0,37.0,,42,
168,Jordan Reed\ReedJo02,WAS,TE,27,6,5,0,0,0,0,0,0,0,,0,35,27,211,7.81,2,33,,63.1,46.6,,42,
169,Matt Forte\FortMa00,NYJ,RB,32,12,4,0,0,0,0,0,103,381,3.70,2,45,37,293,7.92,1,83,,127.4,101.9,,42,
170,DeSean Jackson\JackDe00,TAM,WR,31,14,13,0,0,0,0,0,3,38,12.67,0,90,50,668,13.36,3,93,,141.6,113.6,,42,
171,Adam Shaheen\ShahAd00,CHI,TE,24,13,7,0,0,0,0,0,0,0,,0,14,12,127,10.58,3,31,,45.7,36.7,,43,
172,Kevin Hogan\HogaKe00,CLE,QB,25,4,1,46,75,517,4,5,10,71,7.10,0,0,0,0,,0,34,,41.8,38.8,,43,
173,Matt Breida\BreiMa00,SFO,RB,22,16,0,0,0,0,0,0,105,465,4.43,2,36,21,180,8.57,1,83,,109.5,93.0,,43,
174,Marqise Lee\LeexMa00,JAX,WR,26,14,14,0,1,0,0,0,1,17,17.00,0,96,56,702,12.54,3,92,,150.9,119.9,,43,
175,Nick Foles\FoleNi00,PHI,QB,28,7,3,57,101,537,5,2,11,3,0.27,0,0,0,0,,0,34,,40.8,35.8,,44,
176,Demetrius Harris\HarrDe03,KAN,TE,26,16,7,0,0,0,0,0,0,0,,0,35,18,224,12.44,1,30,,49.4,37.4,,44,
177,Corey Clement\ClemCo00,PHI,RB,23,16,0,0,0,0,0,0,74,321,4.34,4,15,10,123,12.30,2,82,,98.4,87.4,,44,
178,Tarik Cohen\CoheTa00,CHI,WR,22,16,4,1,2,21,1,0,87,370,4.25,2,71,53,358,6.75,1,92,,158.6,124.1,,44,
179,Mike Glennon\GlenMi00,CHI,QB,28,4,4,93,140,833,4,5,4,4,1.00,0,0,0,0,,0,34,,44.7,38.7,,45,
180,Martellus Bennett\BennMa00,2TM,TE,30,9,7,0,0,0,0,0,0,0,,0,44,30,286,9.53,0,29,,61.6,43.6,,45,
181,Marlon Mack\MackMa00,IND,RB,21,14,0,0,0,0,0,0,93,358,3.85,3,33,21,225,10.71,1,82,,109.3,92.8,,45,
182,Keelan Cole\ColeKe00,JAX,WR,24,16,6,0,0,0,0,0,0,0,,0,83,42,748,17.81,3,91,,136.8,111.8,,45,
183,Bryce Petty\PettBr01,NYJ,QB,26,4,3,55,112,544,1,3,7,55,7.86,0,0,0,0,,0,27,,31.3,28.3,,46,
184,Jonnu Smith\SmitJo01,TEN,TE,22,16,13,0,0,0,0,0,0,0,,0,30,18,157,8.72,2,28,,48.7,36.7,,46,
185,Austin Ekeler\EkelAu00,LAC,RB,22,16,0,0,0,0,0,0,47,260,5.53,2,35,27,279,10.33,3,80,,114.9,93.4,,46,
186,Travis Benjamin\BenjTr00,LAC,WR,28,16,3,0,0,0,0,0,13,96,7.38,0,62,34,567,16.68,4,90,,133.3,113.3,,46,
187,Sam Bradford\BradSa00,MIN,QB,30,2,2,32,43,382,3,0,2,-3,-1.50,0,0,0,0,,0,27,,30.0,27.0,,47,
188,Lance Kendricks\KendLa00,GNB,TE,29,16,9,0,0,0,0,0,0,0,,0,35,18,203,11.28,1,26,,47.3,35.3,,47,
189,James White\WhitJa02,NWE,RB,25,14,4,0,0,0,0,0,43,171,3.98,0,72,56,429,7.66,3,78,,140.0,106.0,,47,
190,Kelvin Benjamin\BenjKe00,2TM,WR,26,14,14,0,0,0,0,0,0,0,,0,78,48,692,14.42,3,87,,138.2,111.2,,47,
191,David Fales\FaleDa00,MIA,QB,27,2,0,29,43,265,1,1,4,8,2.00,1,0,0,0,,0,21,,20.4,20.4,,48,
192,Jeff Heuerman\HeueJe00,DEN,TE,25,14,6,0,0,0,0,0,0,0,,0,21,9,142,15.78,2,26,,38.2,30.7,,48,
193,Rod Smith\SmitRo06,DAL,RB,25,15,1,0,0,0,0,0,55,232,4.22,4,23,19,202,10.63,1,73,,98.4,82.9,,48,
194,Will Fuller\FullWi01,HOU,WR,23,10,10,0,0,0,0,0,2,9,4.50,0,50,28,423,15.11,7,87,,116.2,99.2,,48,
195,Paxton Lynch\LyncPa00,DEN,QB,23,2,2,30,45,295,2,3,5,30,6.00,0,0,0,0,,0,15,,18.8,17.8,,49,
196,Virgil Green\GreeVi00,DEN,TE,29,16,16,0,0,0,0,0,0,0,,0,22,14,191,13.64,1,25,,42.1,32.1,,49,
197,Aaron Jones\JoneAa00,GNB,RB,23,12,4,0,0,0,0,0,81,448,5.53,4,18,9,22,2.44,0,71,,83.0,75.5,,49,
198,Jordy Nelson\NelsJo00,GNB,WR,32,15,15,0,0,0,0,0,0,0,,0,88,53,482,9.09,6,86,,140.2,110.7,,49,
199,EJ Manuel\ManuEJ00,OAK,QB,27,2,1,24,43,265,1,1,2,15,7.50,0,0,0,0,,0,14,,15.1,15.1,,50,
200,Greg Olsen\OlseGr00,CAR,TE,32,7,7,0,0,0,0,0,0,0,,0,38,17,191,11.24,1,25,,45.1,33.6,,50,
201,Wayne Gallman\GallWa00,NYG,RB,23,13,1,0,0,0,0,0,111,476,4.29,0,48,34,193,5.68,1,71,,111.9,87.9,,50,
202,Sterling Shepard\ShepSt00,NYG,WR,23,11,10,0,0,0,0,0,4,4,1.00,0,84,59,731,12.39,2,86,,147.5,115.0,,50,
203,Ryan Mallett\MallRy00,BAL,QB,29,2,0,9,16,56,2,0,4,-3,-0.75,0,0,0,0,,0,12,,9.9,9.9,,51,
204,Vance McDonald\McDoVa00,PIT,TE,27,10,7,0,0,0,0,0,0,0,,0,24,14,188,13.43,1,25,,41.8,31.8,,51,
205,Peyton Barber\BarbPe01,TAM,RB,23,16,4,0,0,0,0,0,108,423,3.92,3,19,16,114,7.13,0,70,,92.7,77.7,,51,
206,Josh Doctson\DoctJo00,WAS,WR,25,16,14,0,0,0,0,0,1,-14,-14.00,0,78,35,502,14.34,6,85,,122.8,102.3,,51,
207,Nathan Peterman\PeteNa00,BUF,QB,23,4,2,24,49,252,2,5,7,23,3.29,0,0,0,0,,0,10,,15.4,15.4,,52,
208,Dion Sims\SimsDi00,CHI,TE,26,14,14,0,0,0,0,0,0,0,,0,29,15,180,12.00,1,24,,42.0,31.5,,52,
209,Ty Montgomery\MontTy01,GNB,RB,24,8,5,0,0,0,0,0,71,273,3.85,3,31,23,173,7.52,1,69,,97.6,80.1,,52,
210,Martavis Bryant\BryaMa00,PIT,WR,26,15,8,0,0,0,0,0,6,22,3.67,0,84,50,603,12.06,3,83,,135.5,107.5,,52,
211,Patrick Mahomes\MahoPa00,KAN,QB,22,1,1,22,35,284,0,1,7,10,1.43,0,0,0,0,,0,10,,11.4,11.4,,53,
212,Ryan Griffin\GrifRy00,HOU,TE,27,7,6,0,0,0,0,0,0,0,,0,26,13,158,12.15,1,24,,39.8,30.3,,53,
213,Adrian Peterson\PeteAd01,2TM,RB,32,10,7,0,0,0,0,0,156,529,3.39,2,19,11,70,6.36,0,68,,83.9,73.4,,53,
214,Ryan Grant\GranRy01,WAS,WR,27,16,7,0,0,0,0,0,0,0,,0,65,45,573,12.73,4,81,,129.3,103.8,,53,
215,Geno Smith\SmitGe00,NYG,QB,27,2,1,21,36,212,1,0,4,12,3.00,0,0,0,0,,0,10,,11.7,9.7,,54,
216,Nick Boyle\BoylNi00,BAL,TE,24,15,11,0,0,0,0,0,0,0,,0,37,28,203,7.25,0,22,,53.3,36.3,,54,
217,Mike Gillislee\GillMi00,NWE,RB,27,9,2,0,0,0,0,0,104,383,3.68,5,1,1,15,15.00,0,68,,72.8,68.3,,54,
218,Danny Amendola\AmenDa00,NWE,WR,32,15,8,0,0,0,0,0,0,0,,0,86,61,659,10.80,2,78,,141.9,108.4,,54,
219,Landry Jones\JoneLa02,PIT,QB,28,3,1,23,28,239,1,1,8,-10,-1.25,0,0,0,0,,0,9,,10.6,9.6,,55,
220,Richard Rodgers\RodgRi00,GNB,TE,25,15,1,0,0,0,0,0,0,0,,0,19,12,160,13.33,1,22,,37.0,28.0,,55,
221,Doug Martin\MartDo00,TAM,RB,28,11,8,0,0,0,0,0,138,406,2.94,3,18,9,84,9.33,0,67,,80.0,71.5,,55,
222,Chris Hogan\HogaCh00,NWE,WR,29,9,7,0,0,0,0,0,3,17,5.67,0,59,34,439,12.91,5,76,,112.6,92.6,,55,
223,Nate Sudfeld\SudfNa00,PHI,QB,24,1,0,19,23,134,0,0,1,22,22.00,0,0,0,0,,0,8,,7.6,7.6,,56,
224,James O'Shaughnessy\O'ShJa00,JAX,TE,25,16,1,0,0,0,0,0,0,0,,0,24,14,149,10.64,1,21,,37.9,27.9,,56,
225,J.D. McKissic\McKiJ.00,SEA,RB,24,13,1,0,0,0,0,0,46,187,4.07,1,46,34,266,7.82,2,65,,103.3,80.3,,56,
226,DeVante Parker\ParkDe01,MIA,WR,24,13,12,0,0,0,0,0,0,0,,0,96,57,670,11.75,1,75,,133.0,101.5,,56,
227,Sean Mannion\MannSe00,LAR,QB,25,5,1,22,37,185,0,0,9,-2,-0.22,0,0,0,0,,0,5,,6.2,5.2,,57,
228,Troy Niklas\NiklTr00,ARI,TE,25,15,11,0,0,0,0,0,0,0,,0,23,11,132,12.00,1,19,,33.2,24.7,,57,
229,Alfred Morris\MorrAl00,DAL,RB,29,14,5,0,0,0,0,0,115,547,4.76,1,9,7,45,6.43,0,65,,75.2,68.7,,57,
230,Albert Wilson\WilsAl02,KAN,WR,25,13,7,0,0,0,0,0,3,6,2.00,0,62,42,554,13.19,3,74,,119.0,95.0,,57,
231,Joe Webb\WebbJo00,BUF,QB,31,16,0,2,7,35,0,1,8,54,6.75,0,0,0,0,,0,5,,5.8,5.8,,58,
232,Brent Celek\CeleBr00,PHI,TE,32,16,10,0,0,0,0,0,0,0,,0,24,13,130,10.00,1,19,,35.0,25.5,,58,
233,Chris Ivory\IvorCh00,JAX,RB,29,14,3,0,0,0,0,0,112,382,3.41,1,28,21,175,8.33,1,64,,92.7,74.2,,58,
234,Tyler Lockett\LockTy00,SEA,WR,25,16,8,0,0,0,0,0,10,58,5.80,0,71,45,555,12.33,2,73,,127.3,101.8,,58,
235,Cody Kessler\KessCo00,CLE,QB,24,3,0,11,23,126,0,1,1,-1,-1.00,0,0,0,0,,0,3,,3.9,3.9,,59,
236,Nick Vannett\VannNi00,SEA,TE,24,15,4,0,0,0,0,0,0,0,,0,15,12,124,10.33,1,18,,33.4,24.4,,59,
237,Devontae Booker\BookDe00,DEN,RB,25,13,0,0,0,0,0,0,79,299,3.78,1,38,30,275,9.17,0,61,,98.4,76.4,,59,
238,Brandon LaFell\LaFeBr00,CIN,WR,31,16,15,0,0,0,0,0,0,0,,0,89,52,548,10.54,3,73,,127.8,98.8,,59,
239,A.J. McCarron\McCaA.00,CIN,QB,27,3,0,7,14,66,0,0,0,0,,0,0,0,0,,0,3,,2.6,2.6,,60,
240,Levine Toilolo\ToilLe00,ATL,TE,26,15,12,0,0,0,0,0,0,0,,0,14,12,122,10.17,1,18,,39.2,30.2,,60,
241,Elijah McGuire\McGuEl00,NYJ,RB,23,16,2,0,0,0,0,0,88,315,3.58,1,26,17,177,10.41,1,59,,84.2,67.7,,60,
242,Jaron Brown\BrowJa03,ARI,WR,27,16,8,0,0,0,0,0,0,0,,0,69,31,477,15.39,4,72,,105.7,87.2,,60,
243,Matt Cassel\CassMa00,TEN,QB,35,2,1,25,42,162,1,2,0,0,,0,0,0,0,,0,2,,6.5,4.5,,61,
244,Eric Tomlinson\TomlEr01,NYJ,TE,25,14,12,0,0,0,0,0,0,0,,0,11,8,121,15.13,1,18,,29.1,22.1,,61,
245,Jalen Richard\RichJa01,OAK,RB,24,16,1,0,0,0,0,0,56,275,4.91,1,36,27,256,9.48,1,59,,95.1,72.6,,61,
246,Kendall Wright\WrigKe01,CHI,WR,28,16,4,0,0,0,0,0,0,0,,0,91,59,614,10.41,1,69,,129.4,96.9,,61,
247,Cooper Rush\RushCo00,DAL,QB,24,2,0,1,3,2,0,0,2,13,6.50,0,0,0,0,,0,1,,1.4,1.4,,62,
248,Anthony Fasano\FasaAn00,MIA,TE,33,16,6,0,0,0,0,0,0,0,,0,16,12,107,8.92,1,17,,31.7,22.7,,62,
249,Kerwynn Williams\WillKe05,ARI,RB,26,16,6,0,0,0,0,0,120,426,3.55,1,15,10,93,9.30,0,58,,70.9,62.9,,62,
250,Kenny Golladay\GollKe00,DET,WR,24,11,5,0,0,0,0,0,1,9,9.00,0,48,28,477,17.04,3,69,,97.6,80.6,,62,
251,Scott Tolzien\TolzSc00,IND,QB,30,1,1,9,18,128,0,2,2,2,1.00,0,0,0,0,,0,1,,3.3,3.3,,63,
252,David Morgan\MorgDa01,MIN,TE,24,15,6,0,0,0,0,0,0,0,,0,12,10,95,9.50,1,16,,25.5,20.5,,63,
253,T.J. Yeldon\YeldT.00,JAX,RB,24,10,0,0,0,0,0,0,49,253,5.16,2,41,30,224,7.47,0,58,,94.7,72.7,,63,
254,Adam Humphries\HumpAd00,TAM,WR,24,16,3,0,0,0,0,0,1,6,6.00,0,83,61,631,10.34,1,68,,132.7,98.2,,63,
255,Jake Rudock\RudoJa00,DET,QB,24,3,0,3,5,24,0,1,0,0,,0,0,0,0,,0,1,,,,,64,
256,C.J. Uzomah\UzomC.00,CIN,TE,25,14,4,0,0,0,0,0,0,0,,0,15,10,92,9.20,1,15,,25.2,20.2,,64,
257,Dalvin Cook\CookDa01,MIN,RB,22,4,4,0,0,0,0,0,74,354,4.78,2,16,11,90,8.18,0,54,,69.4,59.9,,64,
258,Emmanuel Sanders\SandEm00,DEN,WR,30,12,11,0,0,0,0,0,0,0,,0,92,47,555,11.81,2,68,,117.5,91.0,,64,
259,Taylor Heinicke\HeinTa00,HOU,QB,24,1,0,1,1,10,0,0,1,2,2.00,0,0,0,0,,0,1,,0.6,0.6,,65,
260,James Hanna\HannJa00,DAL,TE,28,16,8,0,0,0,0,0,0,0,,0,9,4,88,22.00,1,15,,18.8,16.8,,65,
261,D'Onta Foreman\ForeDO00,HOU,RB,21,10,1,0,0,0,0,0,78,327,4.19,2,8,6,83,13.83,0,51,,61.0,54.0,,65,
262,Deonte Thompson\ThomDe04,2TM,WR,28,16,10,0,0,0,0,0,2,-5,-2.50,0,69,38,555,14.61,2,67,,108.0,86.0,,65,
263,Derek Anderson\AndeDe00,CAR,QB,34,3,0,2,8,17,0,0,2,-2,-1.00,0,0,0,0,,0,,,0.5,0.5,,66,
264,Dwayne Allen\AlleDw00,NWE,TE,27,16,8,0,0,0,0,0,0,0,,0,22,10,86,8.60,1,15,,24.6,19.6,,66,
265,DeAndre Washington\WashDe00,OAK,RB,24,15,0,0,0,0,0,0,57,153,2.68,2,45,34,197,5.79,1,51,,92.0,68.0,,66,
266,JJ Nelson\NelsJJ00,ARI,WR,25,16,5,0,0,0,0,0,3,37,12.33,0,61,29,508,17.52,2,65,,97.5,79.0,,66,
267,Joe Callahan\CallJo00,GNB,QB,24,1,0,5,7,11,0,0,0,0,,0,0,0,0,,0,,,0.4,0.4,,67,
268,Josh Hill\HillJo02,NOR,TE,27,16,11,0,0,0,0,0,1,-8,-8.00,0,22,16,125,7.81,1,14,,34.7,21.7,,67,
269,Andre Ellington\ElliAn00,2TM,RB,28,12,2,0,0,0,0,0,20,55,2.75,1,59,39,369,9.46,0,48,,90.4,67.9,,67,
270,Allen Hurns\HurnAl01,JAX,WR,26,10,8,0,0,0,0,0,0,0,,0,56,39,484,12.41,2,62,,102.4,79.9,,67,
271,Colt McCoy\McCoCo00,WAS,,30,1,0,0,0,0,0,0,0,0,,0,0,0,0,,0,,,,,,68,
272,Logan Thomas\ThomLo00,BUF,TE,26,12,2,0,0,0,0,0,0,0,,0,9,7,67,9.57,1,13,,19.7,16.2,,68,
273,Charcandrick West\WestCh01,KAN,RB,26,13,0,0,0,0,0,0,18,72,4.00,2,34,27,150,5.56,2,46,,76.2,59.7,,68,
274,Terrance Williams\WillTe01,DAL,WR,28,16,14,0,0,0,0,0,2,15,7.50,0,78,53,568,10.72,0,62,,114.3,84.8,,68,
275,Austin Davis\DaviAu00,SEA,QB,28,3,0,0,0,0,0,0,1,-1,-1.00,0,0,0,0,,0,,,-0.1,-0.1,,69,
276,C.J. Fiedorowicz\FiedC.00,HOU,TE,26,5,5,0,0,0,0,0,0,0,,0,22,14,127,9.07,0,13,,29.7,19.7,,69,
277,Jamaal Charles\CharJa00,DEN,RB,31,14,0,0,0,0,0,0,69,296,4.29,1,28,23,129,5.61,0,45,,75.5,56.0,,69,
278,Eric Decker\DeckEr00,TEN,WR,30,16,8,0,1,0,0,0,0,0,,0,83,54,563,10.43,1,62,,119.3,89.3,,69,
279,Chase Daniel\DaniCh00,NOR,QB,31,1,0,0,0,0,0,0,3,-2,-0.67,0,0,0,0,,0,,,-0.2,-0.2,,70,
280,Brandon Williams\WillBr04,IND,TE,30,14,10,0,0,0,0,0,0,0,,0,17,13,121,9.31,0,12,,28.1,18.6,,70,
281,Charles Sims\SimsCh00,TAM,RB,27,16,0,0,0,0,0,0,21,95,4.52,0,47,35,249,7.11,1,40,,77.4,55.9,,70,
282,Jeremy Maclin\MaclJe00,BAL,WR,29,12,12,0,0,0,0,0,0,0,,0,72,40,440,11.00,3,62,,105.0,82.0,,70,
283,Chad Henne\HennCh01,JAX,QB,32,2,0,0,2,0,0,0,5,-5,-1.00,0,0,0,0,,0,-1,,-0.5,-0.5,,71,
284,Michael Hoomanawanui\HoomMi00,NOR,TE,29,14,10,0,0,0,0,0,0,0,,0,10,6,52,8.67,1,11,,17.2,14.2,,71,
285,Shane Vereen\VereSh00,NYG,RB,28,16,0,0,1,0,0,1,45,164,3.64,0,53,44,253,5.75,0,40,,90.7,62.7,,71,
286,Chris Godwin\GodwCh00,TAM,WR,21,16,2,0,0,0,0,0,0,0,,0,55,34,525,15.44,1,59,,95.5,75.5,,71,
287,Kellen Clemens\ClemKe00,LAC,QB,34,8,0,6,8,36,0,1,5,-5,-1.00,0,0,0,0,,0,-1,,-0.1,-0.1,,72,
288,Austin Traylor\TrayAu00,DEN,TE,24,7,3,0,0,0,0,0,0,0,,0,13,8,100,12.50,0,10,,21.0,14.0,,72,
289,Damien Williams\WillDa05,MIA,RB,25,11,4,0,0,0,0,0,46,181,3.93,0,28,20,155,7.75,1,40,,65.6,49.6,,72,
290,Cole Beasley\BeasCo00,DAL,WR,28,15,4,0,0,0,0,0,0,0,,0,63,36,314,8.72,4,55,,94.4,73.4,,72,
291,Tyler Bray\BrayTy00,KAN,QB,26,1,0,0,1,0,0,0,1,0,0.00,0,0,0,0,,0,-2,,-1.0,-2.0,,73,
292,Phillip Supernaw\SupePh00,TEN,TE,27,16,3,0,0,0,0,0,0,0,,0,6,4,39,9.75,1,10,,13.9,11.9,,73,
293,Robert Kelley\KellRo00,WAS,RB,25,7,7,0,0,0,0,0,62,194,3.13,3,7,4,18,4.50,0,39,,46.2,41.2,,73,
294,Trent Taylor\TaylTr02,SFO,WR,23,15,1,0,0,0,0,0,0,0,,0,60,43,430,10.00,2,55,,100.0,74.5,,73,
295,Teddy Bridgewater\BridTe00,MIN,QB,25,1,0,0,2,0,0,1,3,-3,-1.00,0,0,0,0,,0,-2,,-1.3,-1.3,,74,
296,Luke Stocker\StocLu00,2TM,TE,29,12,5,0,0,0,0,0,0,0,,0,5,4,30,7.50,1,9,,13.0,11.0,,74,
297,Corey Grant\GranCo00,JAX,RB,26,16,0,0,0,0,0,0,30,248,8.27,2,4,3,41,13.67,0,39,,45.9,40.4,,74,
298,Cordarrelle Patterson\PattCo00,OAK,WR,26,16,2,0,0,0,0,0,13,121,9.31,2,42,31,309,9.97,0,55,,92.0,70.5,,74,
299,Clive Walford\WalfCl00,OAK,TE,26,13,0,0,0,0,0,0,0,0,,0,13,9,80,8.89,0,8,,17.0,12.5,,75,
300,Jacquizz Rodgers\RodgJa00,TAM,RB,27,16,4,0,0,0,0,0,64,244,3.81,1,11,9,74,8.22,0,38,,49.8,42.3,,75,
301,Torrey Smith\SmitTo02,PHI,WR,28,16,14,0,0,0,0,0,1,-3,-3.00,0,67,36,430,11.94,2,55,,93.7,72.7,,75,
302,Ross Travis\TravRo00,2TM,TE,24,15,3,0,0,0,0,0,0,0,,0,17,7,76,10.86,0,8,,14.6,11.1,,76,
303,Alfred Blue\BlueAl00,HOU,RB,26,11,0,0,0,0,0,0,71,262,3.69,1,9,7,54,7.71,0,38,,47.6,41.1,,76,
304,Roger Lewis\LewiRo03,NYG,WR,24,15,8,0,0,0,0,0,0,0,,0,72,36,416,11.56,2,54,,92.6,71.6,,76,
305,Lee Smith\SmitLe00,OAK,TE,30,16,9,0,0,0,0,0,0,0,,0,11,8,76,9.50,0,8,,15.6,11.6,,77,
306,Mike Davis\DaviMi01,SEA,RB,25,6,6,0,0,0,0,0,68,240,3.53,0,18,15,131,8.73,0,37,,58.1,44.6,,77,
307,Bennie Fowler\FowlBe00,DEN,WR,26,16,4,0,0,0,0,0,0,0,,0,56,29,350,12.07,3,53,,85.0,67.5,,77,
308,Ben Koyack\KoyaBe00,JAX,TE,24,16,3,0,0,0,0,0,0,0,,0,7,5,38,7.60,0,6,,10.8,8.3,,78,
309,Benny Cunningham\CunnBe01,CHI,RB,27,14,0,0,0,0,0,0,9,29,3.22,0,26,20,240,12.00,2,37,,60.9,46.9,,78,
310,Odell Beckham\BeckOd00,NYG,WR,25,4,2,0,0,0,0,0,1,8,8.00,0,41,25,302,12.08,3,53,,77.0,61.5,,78,
311,Alan Cross\CrosAl00,TAM,TE,24,8,4,0,0,0,0,0,0,0,,0,6,5,58,11.60,0,6,,10.8,8.3,,79,
312,Kyle Juszczyk*\JuszKy00,SFO,RB,26,14,10,0,0,0,0,0,7,31,4.43,0,42,33,315,9.55,1,37,,74.6,53.1,,79,
313,Brice Butler\ButlBr00,DAL,WR,27,13,0,0,0,0,0,0,0,0,,0,23,15,317,21.13,3,52,,67.7,57.2,,79,
314,Orson Charles\CharOr00,KAN,TE,26,5,0,0,0,0,0,0,0,0,,0,2,2,53,26.50,0,5,,7.3,6.3,,80,
315,Mike Tolbert\TolbMi00,BUF,RB,32,12,0,0,0,0,0,0,66,247,3.74,1,17,14,78,5.57,0,37,,54.5,43.5,,80,
316,Donte Moncrief\MoncDo00,IND,WR,24,12,8,0,0,0,0,0,0,0,,0,47,26,391,15.04,2,51,,80.1,64.1,,80,
317,Jacob Hollister\HollJa03,NWE,TE,24,15,1,0,0,0,0,0,1,5,5.00,0,11,4,42,10.50,0,5,,8.7,6.7,,81,
318,Malcolm Brown\BrowMa03,LAR,RB,24,11,1,0,0,0,0,0,63,246,3.90,1,11,9,53,5.89,0,36,,47.9,40.4,,81,
319,John Brown\BrowJo02,ARI,WR,27,10,5,0,0,0,0,0,1,10,10.00,0,55,21,299,14.24,3,51,,72.9,59.4,,81,
320,Michael Roberts\RobeMi01,DET,TE,23,15,3,0,0,0,0,0,0,0,,0,7,4,46,11.50,0,5,,8.6,6.6,,82,
321,Wendell Smallwood\SmalWe00,PHI,RB,23,8,3,0,0,0,0,0,47,174,3.70,1,18,13,103,7.92,0,34,,52.7,40.2,,82,
322,Brandon Coleman\ColeBr00,NOR,WR,25,16,6,0,0,0,0,0,0,0,,0,37,23,364,15.83,3,50,,78.4,61.9,,82,
323,Ifeanyi Momah\MomaIf00,ARI,TE,28,9,2,0,0,0,0,0,0,0,,0,2,1,46,46.00,0,5,,5.6,5.1,,83,
324,Chris Carson\CarsCh00,SEA,RB,23,4,3,0,0,0,0,0,49,208,4.24,0,8,7,59,8.43,1,33,,42.7,36.2,,83,
325,Pierre Garcon\GarcPi00,SFO,WR,31,8,8,0,0,0,0,0,0,0,,0,67,40,500,12.50,0,50,,93.0,70.0,,83,
326,Tyler Eifert\EifeTy00,CIN,TE,27,2,0,0,0,0,0,0,0,0,,0,5,4,46,11.50,0,5,,8.6,6.6,,84,
327,Tion Green\GreeTi00,DET,RB,24,5,0,0,0,0,0,0,42,165,3.93,2,2,2,14,7.00,0,30,,34.9,30.9,,84,
328,Bruce Ellington\ElliBr00,HOU,WR,26,11,6,0,0,0,0,0,3,17,5.67,0,57,29,330,11.38,2,49,,78.7,61.2,,84,
329,Sean McGrath\McGrSe00,LAC,TE,30,15,6,0,0,0,0,0,0,0,,0,4,4,46,11.50,0,5,,8.6,6.6,,85,
330,Elijhaa Penny\PennEl00,ARI,RB,24,16,0,0,0,0,0,0,31,124,4.00,2,6,4,38,9.50,0,28,,35.2,30.2,,85,
331,Taylor Gabriel\GabrTa00,ATL,WR,26,16,4,0,0,0,0,0,8,49,6.13,0,51,33,378,11.45,1,49,,84.7,65.2,,85,
332,Blake Bell\BellBl00,MIN,TE,26,13,3,0,0,0,0,0,0,0,,0,4,3,19,6.33,0,4,,6.9,5.4,,86,
333,Terrance West\WestTe00,BAL,RB,26,5,4,0,0,0,0,0,39,138,3.54,2,4,2,23,11.50,0,28,,32.1,27.1,,86,
334,T.J. Jones\JoneT.00,DET,WR,25,14,6,0,0,0,0,0,0,0,,0,49,30,399,13.30,1,48,,80.9,62.9,,86,
335,James Develin*\DeveJa00,NWE,TE,29,16,7,0,0,0,0,0,0,0,,0,10,6,38,6.33,0,4,,9.8,6.8,,87,
336,Kapri Bibbs\BibbKa00,WAS,RB,24,3,0,0,0,0,0,0,21,79,3.76,0,17,14,128,9.14,1,27,,43.7,33.7,,87,
337,Seth Roberts\RobeSe00,OAK,WR,26,15,7,0,0,0,0,0,0,0,,0,65,43,455,10.58,1,48,,95.5,69.0,,87,
338,Will Tye\TyexWi00,NYJ,TE,26,3,1,0,0,0,0,0,0,0,,0,6,4,38,9.50,0,4,,7.8,5.8,,88,
339,Danny Woodhead\WoodDa02,BAL,RB,32,8,0,0,0,0,0,0,14,56,4.00,0,39,33,200,6.06,0,26,,61.6,42.1,,88,
340,Josh Bellamy\BellJo02,CHI,WR,28,15,7,0,0,0,0,0,1,6,6.00,0,46,24,376,15.67,1,44,,71.2,56.2,,88,
341,Randall Telfer\TelfRa00,CLE,TE,25,16,14,0,0,0,0,0,0,0,,0,4,3,36,12.00,0,4,,6.6,5.1,,89,
342,Thomas Rawls\RawlTh00,SEA,RB,24,12,3,0,0,0,0,0,58,157,2.71,0,13,9,94,10.44,0,23,,36.1,27.6,,89,
343,Zay Jones\JoneZa00,BUF,WR,22,15,10,0,0,0,0,0,0,0,,0,74,27,316,11.70,2,44,,73.6,57.1,,89,
344,Emanuel Byrd\ByrdEm00,GNB,TE,,1,0,0,0,0,0,0,0,0,,0,2,2,31,15.50,0,3,,5.1,4.1,,90,
345,Tommy Bohanon\BohaTo00,JAX,RB,27,16,10,0,0,0,0,0,5,5,1.00,2,11,6,43,7.17,1,23,,28.8,25.8,,90,
346,Cody Latimer\LatiCo00,DEN,WR,25,11,1,0,0,0,0,0,0,0,,0,31,19,287,15.11,2,43,,64.7,52.2,,90,
347,Darrell Daniels\DaniDa02,IND,TE,23,12,3,0,0,0,0,0,0,0,,0,13,3,26,8.67,0,3,,5.6,4.1,,91,
348,Eddie Lacy\LacyEd00,SEA,RB,26,9,3,0,0,0,0,0,69,179,2.59,0,6,6,47,7.83,0,23,,31.6,25.6,,91,
349,Corey Coleman\ColeCo00,CLE,WR,23,9,8,0,0,0,0,0,0,0,,0,58,23,305,13.26,2,43,,68.5,54.0,,91,
350,Geoff Swaim\SwaiGe00,DAL,TE,24,15,2,0,0,0,0,0,0,0,,0,2,2,25,12.50,0,3,,4.5,3.5,,92,
351,Travaris Cadet\CadeTr00,2TM,RB,28,9,0,0,0,0,0,0,23,96,4.17,0,19,16,119,7.44,0,22,,40.5,29.5,,92,
352,Tavarres King\KingTa00,NYG,WR,27,8,3,0,0,0,0,0,2,3,1.50,0,37,18,240,13.33,3,42,,63.3,51.3,,92,
353,MarQueis Gray\GrayMa00,MIA,TE,28,16,0,0,1,0,0,0,5,14,2.80,0,3,1,10,10.00,0,2,,3.4,2.9,,93,
354,Kenjon Barner\BarnKe00,PHI,RB,28,13,1,0,0,0,0,0,16,57,3.56,1,8,5,56,11.20,0,17,,22.3,19.8,,93,
355,Chris Moore\MoorCh00,BAL,WR,24,13,4,0,0,0,0,0,2,-9,-4.50,0,38,18,248,13.78,3,42,,68.9,56.9,,93,
356,Chris Manhertz\ManhCh00,CAR,TE,25,16,4,0,0,0,0,0,0,0,,0,4,2,17,8.50,0,2,,3.7,2.7,,94,
357,Robert Turbin\TurbRo00,IND,RB,28,6,1,0,0,0,0,0,23,53,2.30,1,11,9,56,6.22,0,17,,25.9,21.4,,94,
358,Rashard Higgins\HiggRa00,CLE,WR,23,15,4,0,0,0,0,0,1,4,4.00,0,50,27,312,11.56,2,42,,72.6,55.1,,94,
359,Cole Hikutini\HikuCo00,SFO,TE,23,4,0,0,0,0,0,0,0,0,,0,3,2,15,7.50,0,2,,3.5,2.5,,95,
360,Stevan Ridley\RidlSt00,PIT,RB,28,2,1,0,0,0,0,0,26,108,4.15,1,0,0,0,,0,17,,19.8,16.8,,95,
361,Coby Fleener\FleeCo00,NOR,WR,29,11,0,0,0,0,0,0,0,0,,0,30,22,295,13.41,2,42,,66.5,52.5,,95,
362,Garrett Griffin\GrifGa00,NOR,TE,23,3,0,0,0,0,0,0,0,0,,0,1,1,4,4.00,0,,,1.4,0.9,,96,
363,Chris Johnson\JohnCh04,ARI,RB,32,4,3,0,0,0,0,0,45,114,2.53,0,6,5,43,8.60,0,16,,23.7,18.2,,96,
364,Dontrelle Inman\InmaDo00,2TM,WR,28,12,7,0,0,0,0,0,0,0,,0,44,25,343,13.72,1,40,,68.3,52.8,,96,
365,Ryan Malleck\MallRy02,HOU,TE,24,2,0,0,0,0,0,0,0,0,,0,1,1,3,3.00,0,,,1.3,0.8,,97,
366,Cameron Artis-Payne\ArtiCa00,CAR,RB,25,13,0,0,0,0,0,0,18,95,5.28,1,1,1,2,2.00,0,16,,16.7,16.2,,97,
367,Justin Hardy\HardJu00,ATL,WR,26,16,1,0,0,0,0,0,0,0,,0,29,20,221,11.05,3,40,,63.1,50.1,,97,
368,Jeff Cumberland\CumbJe00,LAC,TE,30,7,3,0,0,0,0,0,0,0,,0,3,2,2,1.00,0,,,2.2,1.2,,98,
369,D.J. Foster\FostD.01,ARI,RB,24,7,0,0,0,0,0,0,6,19,3.17,0,28,17,133,7.82,0,15,,35.2,23.7,,98,
370,Dede Westbrook\WestDe00,JAX,WR,24,7,5,0,0,0,0,0,0,0,,0,51,27,339,12.56,1,40,,69.9,53.4,,98,
371,Evan Baylis\BaylEv00,HOU,,24,1,0,0,0,0,0,0,0,0,,0,0,0,0,,0,,,,,,99,
372,Anthony Sherman\SherAn00,KAN,RB,29,16,3,0,0,0,0,0,14,40,2.86,1,8,6,47,7.83,0,15,,20.7,17.7,,99,
373,Josh Gordon\GordJo02,CLE,WR,26,5,5,0,0,0,0,0,0,0,,0,42,18,335,18.61,1,40,,60.5,48.5,,99,
374,Matt LaCosse\LaCoMa00,2TM,,25,5,1,0,0,0,0,0,0,0,,0,1,0,0,,0,,,,,,100,
375,James Conner\ConnJa00,PIT,RB,22,14,0,0,0,0,0,0,32,144,4.50,0,1,0,0,,0,14,,17.4,14.4,,100,
376,Aldrick Robinson\RobiAl00,SFO,WR,29,16,1,0,0,0,0,0,0,0,,0,48,19,260,13.68,2,38,,60.0,47.5,,100,
377,Gavin Escobar\EscoGa00,BAL,,26,2,0,0,0,0,0,0,0,0,,0,0,0,0,,0,,,,,,101,
378,C.J. Ham\HamxC.00,MIN,RB,24,16,1,0,0,0,0,0,7,13,1.86,1,8,7,68,9.71,0,14,,21.1,17.6,,101,
379,Kenny Britt\BritKe00,2TM,WR,29,12,4,0,0,0,0,0,0,0,,0,43,20,256,12.80,2,38,,60.6,47.6,,101,
380,Ben Braunecker\BrauBe00,CHI,,23,8,0,0,0,0,0,0,0,0,,0,0,0,0,,0,,,,,,102,
381,Paul Perkins\PerkPa00,NYG,RB,23,11,4,0,0,0,0,0,41,90,2.20,0,10,8,46,5.75,0,14,,21.6,17.6,,102,
382,Johnny Holton\HoltJo00,OAK,WR,26,16,1,0,0,0,0,0,0,0,,0,18,9,218,24.22,3,36,,49.8,40.3,,102,
383,MyCole Pruitt\PruiMy00,HOU,,25,1,0,0,0,0,0,0,0,0,,0,0,0,0,,0,,,,,,103,
384,Jamize Olawale\OlawJa00,OAK,RB,28,12,0,0,0,0,0,0,9,43,4.78,1,7,6,33,5.50,0,14,,19.6,16.6,,103,
385,Ricardo Louis\LouiRi00,CLE,WR,23,16,9,0,0,0,0,0,0,0,,0,61,27,357,13.22,0,36,,65.7,49.2,,103,
386,Cethan Carter\CartCe00,CIN,,24,16,0,0,0,0,0,0,0,0,,0,0,0,0,,0,,,,,,104,
387,Jeremy Hill\HillJe01,CIN,RB,25,7,7,0,0,0,0,0,37,116,3.14,0,4,4,16,4.00,0,13,,20.2,15.2,,104,
388,Corey Davis\DaviCo03,TEN,WR,22,11,9,0,0,0,0,0,0,0,,0,65,34,375,11.03,0,36,,73.5,52.5,,104,
389,Khari Lee\LeexKh00,BUF,,25,8,0,0,0,0,0,0,0,0,,0,0,0,0,,0,,,,,,105,
390,Roosevelt Nix\NixxRo01,PIT,RB,25,16,4,0,0,0,0,0,3,0,0.00,1,3,2,6,3.00,1,13,,14.6,13.6,,105,
391,Chester Rogers\RogeCh02,IND,WR,23,11,4,0,0,0,0,0,3,8,2.67,0,37,23,284,12.35,1,35,,61.2,46.7,,105,
392,Eric Saubert\SaubEr00,ATL,,23,14,0,0,0,0,0,0,0,0,,0,0,0,0,,0,,,,,,106,
393,Fozzy Whittaker\WhitFo00,CAR,RB,28,12,0,0,0,0,0,0,7,18,2.57,0,6,5,47,9.40,1,13,,17.5,15.0,,106,
394,Tyler Boyd\BoydTy00,CIN,WR,23,10,1,0,0,0,0,0,0,0,,0,32,22,225,10.23,2,35,,59.5,45.5,,106,
395,Jim Dray\DrayJi00,ARI,,31,1,0,0,0,0,0,0,0,0,,0,0,0,0,,0,,,,,,107,
396,Terron Ward\WardTe00,ATL,RB,25,14,0,0,0,0,0,0,30,129,4.30,0,3,3,14,4.67,0,12,,19.3,13.8,,107,
397,Taywan Taylor\TaylTa00,TEN,WR,22,16,4,0,0,0,0,0,8,43,5.38,0,28,16,231,14.44,1,33,,52.4,41.4,,107,
398,Sean Culkin\CulkSe00,LAC,,24,1,0,0,0,0,0,0,0,0,,0,0,0,0,,0,,,,,,108,
399,Darren Sproles\SproDa00,PHI,RB,34,3,0,0,0,0,0,0,15,61,4.07,0,12,7,73,10.43,0,11,,19.4,14.9,,108,
400,Jordan Matthews\MattJo00,BUF,WR,25,10,7,0,0,0,0,0,0,0,,0,36,25,282,11.28,1,32,,61.2,44.7,,108,
401,Clark Harris\HarrCl20,CIN,,33,16,0,0,0,0,0,0,0,0,,0,0,0,0,,0,,,,,,109,
402,Lance Dunbar\DunbLa00,LAR,RB,27,4,0,0,0,0,0,0,11,51,4.64,1,3,1,1,1.00,0,11,,12.2,11.7,,109,
403,Jarius Wright\WrigJa02,MIN,WR,28,16,0,0,0,0,0,0,0,0,,0,25,18,198,11.00,2,32,,52.8,40.8,,109,
404,John Phillips\PhilJo00,NOR,,30,1,0,0,0,0,0,0,0,0,,0,0,0,0,,0,,,,,,110,
405,C.J. Prosise\ProsC.00,SEA,RB,23,5,0,0,0,0,0,0,11,23,2.09,0,11,6,87,14.50,0,11,,17.0,14.0,,110,
406,Jakeem Grant\GranJa00,MIA,WR,25,16,0,0,0,0,0,0,3,12,4.00,0,22,13,203,15.62,2,32,,48.5,38.0,,110,
407,Ryan O'Malley\OMalRy00,NYG,,24,1,0,0,0,0,0,0,0,0,,0,0,0,0,,0,,,,,,111,
408,Branden Oliver\OlivBr01,LAC,RB,26,8,0,0,0,0,0,0,35,83,2.37,0,11,6,26,4.33,0,11,,16.9,13.9,,111,
409,Andre Holmes\HolmAn00,BUF,WR,29,14,2,0,0,0,0,0,0,0,,0,22,13,120,9.23,3,30,,46.0,36.5,,111,
410,Logan Paulsen\PaulLo00,SFO,,30,14,1,0,0,0,0,0,0,0,,0,2,0,0,,0,,,,,,112,
411,De'Angelo Henderson\HendDe01,DEN,RB,25,5,0,0,0,0,0,0,7,13,1.86,0,2,2,36,18.00,1,11,,12.9,11.9,,112,
412,Terrelle Pryor\PryoTe00,WAS,WR,28,9,2,0,0,0,0,0,0,0,,0,37,20,240,12.00,1,30,,53.0,40.0,,112,
413,Nate Solder\SoldNa00,NWE,,29,16,16,0,0,0,0,0,0,0,,0,0,0,0,,0,,,,,,113,
414,Trey Edmunds\EdmuTr00,NOR,RB,23,16,0,0,0,0,0,0,9,48,5.33,1,0,0,0,,0,11,,10.8,10.8,,113,
415,Tavon Austin\AustTa00,LAR,WR,26,16,9,0,0,0,0,0,59,270,4.58,1,22,13,47,3.62,0,30,,49.7,36.2,,113,
416,Hakeem Valles\VallHa00,DET,,25,1,0,0,0,0,0,0,0,0,,0,0,0,0,,0,,,,,,114,
417,Andy Janovich\JanoAn00,DEN,RB,24,16,4,0,0,0,0,0,6,12,2.00,1,6,4,35,8.75,0,11,,14.7,12.7,,114,
418,Mack Hollins\HollMa00,PHI,WR,24,16,0,0,0,0,0,0,0,0,,0,22,16,226,14.13,1,29,,47.6,36.6,,114,
419,Zach Line\LineZa01,NOR,RB,27,12,4,0,0,0,0,0,7,28,4.00,0,5,2,8,4.00,1,10,,11.6,10.6,,115,
420,Russell Shepard\ShepRu00,CAR,WR,27,15,3,0,0,0,0,0,2,19,9.50,0,32,17,202,11.88,1,28,,48.1,36.6,,115,
421,Zach Zenner\ZennZa00,DET,RB,26,8,0,0,0,0,0,0,14,26,1.86,1,1,0,0,,0,9,,8.6,8.6,,116,
422,Michael Campanaro\CampMi02,BAL,WR,26,13,0,0,0,0,0,0,5,42,8.40,0,27,19,173,9.11,1,28,,55.5,43.0,,116,
423,Brandon Bolden\BoldBr00,NWE,RB,27,16,0,0,0,0,0,0,13,67,5.15,0,4,1,7,7.00,0,7,,8.4,7.9,,117,
424,De'Anthony Thomas\ThomDe05,KAN,WR,24,16,2,0,0,0,0,0,1,4,4.00,0,16,14,143,10.21,2,27,,43.7,33.7,,117,
425,Brian Hill\HillBr02,2TM,RB,22,7,0,0,0,0,0,0,11,37,3.36,0,2,2,36,18.00,0,7,,9.3,8.3,,118,
426,Kendrick Bourne\BourKe00,SFO,WR,22,11,0,0,0,0,0,0,0,0,,0,34,16,257,16.06,0,26,,44.7,33.7,,118,
427,David Johnson\JohnDa08,ARI,RB,26,1,1,0,0,0,0,0,11,23,2.09,0,9,6,67,11.17,0,7,,14.0,10.0,,119,
428,Jeremy Kerley\KerlJe00,NYJ,WR,29,8,2,0,0,0,0,0,0,0,,0,27,22,217,9.86,1,24,,50.7,34.7,,119,
429,Marcus Murphy\MurpMa03,BUF,RB,26,1,0,0,0,0,0,0,7,41,5.86,0,2,2,7,3.50,0,7,,6.8,5.8,,120,
430,Damiere Byrd\ByrdDa00,CAR,WR,24,8,3,0,0,0,0,0,1,12,12.00,0,17,10,105,10.50,2,24,,42.7,34.7,,120,
431,Byron Marshall\MarsBy01,WAS,RB,23,4,0,0,0,0,0,0,9,32,3.56,0,8,6,36,6.00,0,7,,12.8,9.8,,121,
432,Alex Erickson\EricAl01,CIN,WR,25,16,0,0,0,0,0,0,5,16,3.20,0,16,12,180,15.00,1,24,,39.6,29.6,,121,
433,Tre Madden\MaddTr01,SEA,RB,24,8,3,0,0,0,0,0,0,0,,0,2,2,65,32.50,0,7,,8.5,7.5,,122,
434,Geronimo Allison\AlliGe01,GNB,WR,23,15,2,0,0,0,0,0,0,0,,0,39,23,253,11.00,0,23,,50.3,34.8,,122,
435,Jalston Fowler\FowlJa00,TEN,RB,27,10,1,0,0,0,0,0,2,4,2.00,1,1,0,0,,0,6,,6.4,6.4,,123,
436,Braxton Miller\MillBr03,HOU,WR,25,11,3,0,0,0,0,0,1,1,1.00,0,29,19,162,8.53,1,22,,44.3,31.8,,123,
437,Derek Watt\WattDe00,LAC,RB,25,16,4,0,0,0,0,0,6,24,4.00,0,3,2,35,17.50,0,6,,7.9,6.9,,124,
438,Demarcus Robinson\RobiDe01,KAN,WR,23,16,8,0,0,0,0,0,0,0,,0,39,21,212,10.10,0,21,,45.2,31.7,,124,
439,Dwayne Washington\WashDw00,DET,RB,23,5,0,0,0,0,0,0,20,44,2.20,0,2,2,14,7.00,0,6,,7.8,6.8,,125,
440,Phillip Dorsett\DorsPh00,NWE,WR,24,15,2,0,0,0,0,0,1,7,7.00,0,18,12,194,16.17,0,20,,35.1,26.1,,125,
441,Akeem Hunt\HuntAk01,KAN,RB,24,15,0,0,0,0,0,0,8,23,2.88,0,7,4,31,7.75,0,5,,9.4,7.4,,126,
442,Laquon Treadwell\TreaLa00,MIN,WR,22,16,7,0,0,0,0,0,0,0,,0,35,20,200,10.00,0,20,,43.0,30.0,,126,
443,Aaron Ripkowski\RipkAa00,GNB,RB,25,16,2,0,0,0,0,0,5,13,2.60,0,10,7,39,5.57,0,5,,12.2,8.7,,127,
444,Eli Rogers\RogeEl00,PIT,WR,25,14,4,0,0,0,0,0,0,0,,0,36,18,149,8.28,1,19,,40.9,27.9,,127,
445,Tyler Ervin\ErviTy00,HOU,RB,24,4,0,0,0,0,0,0,4,12,3.00,0,11,8,38,4.75,0,5,,13.0,9.0,,128,
446,Louis Murphy\MurpLo00,SFO,WR,30,7,7,0,0,0,0,0,0,0,,0,17,8,121,15.13,1,18,,29.1,22.1,,128,
447,Lawrence Thomas\ThomLa04,NYJ,RB,24,14,4,0,0,0,0,0,2,1,0.50,0,7,6,43,7.17,0,4,,10.4,7.4,,129,
448,Curtis Samuel\SamuCu00,CAR,WR,21,9,4,0,0,0,0,0,4,64,16.00,0,26,15,115,7.67,0,18,,35.9,25.4,,129,
449,Matthew Dayes\DayeMa00,CLE,RB,23,16,0,0,0,0,0,0,5,13,2.60,0,5,4,29,7.25,0,4,,8.2,6.2,,130,
450,Chris Conley\ConlCh00,KAN,WR,25,5,5,0,0,0,0,0,0,0,,0,16,11,175,15.91,0,18,,31.5,23.0,,130,
451,Mack Brown\BrowMa02,2TM,RB,26,4,0,0,0,0,0,0,8,29,3.63,0,1,1,11,11.00,0,4,,5.0,4.5,,131,
452,Tommylee Lewis\LewiTo00,NOR,WR,25,15,0,0,0,0,0,0,2,14,7.00,0,14,10,116,11.60,1,17,,31.0,22.0,,131,
453,Fitzgerald Toussaint\TousFi00,PIT,RB,27,6,0,0,0,0,0,0,6,25,4.17,0,3,2,9,4.50,0,3,,5.4,4.4,,132,
454,Josh Reynolds\ReynJo00,LAR,WR,22,16,1,0,0,0,0,0,0,0,,0,24,11,104,9.45,1,16,,30.4,21.9,,132,
455,Senorise Perry\PerrSe00,MIA,RB,26,16,0,0,0,0,0,0,8,30,3.75,0,1,1,3,3.00,0,3,,4.3,3.8,,133,
456,Jaydon Mickens\MickJa01,JAX,WR,23,10,0,0,0,0,0,0,0,0,,0,11,6,77,12.83,2,16,,29.7,24.7,,133,
457,Jay Prosch\ProsJa00,HOU,RB,25,16,5,0,0,0,0,0,0,0,,0,4,4,31,7.75,0,3,,7.1,5.1,,134,
458,Brandon Marshall\MarsBr00,NYG,WR,33,5,5,0,0,0,0,0,0,0,,0,33,18,154,8.56,0,15,,36.4,24.4,,134,
459,Derrick Coleman\ColeDe00,ATL,RB,27,16,7,0,0,0,0,0,2,8,4.00,0,7,2,20,10.00,0,3,,4.8,3.8,,135,
460,Tre McBride\McBrTr00,CHI,WR,25,8,3,0,0,0,0,0,0,0,,0,15,8,144,18.00,0,14,,25.4,18.4,,135,
461,De'Veon Smith\SmitDe06,MIA,RB,,5,0,0,0,0,0,0,0,0,,0,3,3,27,9.00,0,3,,5.7,4.2,,136,
462,Jordan Taylor\TaylJo01,DEN,WR,25,10,2,0,0,0,0,0,0,0,,0,20,13,142,10.92,0,14,,30.2,20.7,,136,
463,Patrick DiMarco\DiMaPa00,BUF,RB,28,16,9,0,0,0,0,0,2,-2,-1.00,0,10,7,28,4.00,0,3,,9.6,6.1,,137,
464,Brandon Tate\TateBr00,BUF,WR,30,13,1,0,0,0,0,0,0,0,,0,14,6,81,13.50,1,14,,20.1,17.1,,137,
465,Keith Smith\SmitKe03,DAL,RB,25,16,3,0,0,0,0,0,0,0,,0,5,5,26,5.20,0,3,,7.6,5.1,,138,
466,Darrius Heyward-Bey\HeywDa00,PIT,WR,30,16,0,0,0,0,0,0,2,32,16.00,1,3,2,47,23.50,0,14,,15.9,14.9,,138,
467,Andre Williams\WillAn00,LAC,RB,25,8,0,0,0,0,0,0,9,25,2.78,0,0,0,0,,0,3,,2.5,2.5,,139,
468,Kamar Aiken\AikeKa00,IND,WR,28,15,7,0,0,0,0,0,0,0,,0,44,15,133,8.87,0,13,,31.3,20.8,,139,
469,Ryan Hewitt\HewiRy00,CIN,RB,26,13,4,0,0,0,0,0,0,0,,0,2,2,22,11.00,0,2,,4.2,3.2,,140,
470,Maxx Williams\WillMa04,BAL,WR,23,11,8,0,0,0,0,0,2,6,3.00,0,18,15,86,5.73,1,13,,29.2,20.7,,140,
471,Josh Ferguson\FergJo02,IND,RB,24,10,0,0,0,0,0,0,1,5,5.00,0,4,3,16,5.33,0,2,,5.1,3.6,,141,
472,Daniel Brown\BrowDa04,CHI,WR,25,14,2,0,0,0,0,0,0,0,,0,20,13,129,9.92,0,13,,28.9,19.4,,141,
473,David Fluellen\FlueDa00,TEN,RB,25,16,0,0,0,0,0,0,4,21,5.25,0,1,0,0,,0,2,,2.1,2.1,,142,
474,Brenton Bersin\BersBr00,CAR,WR,27,8,1,0,0,0,0,0,0,0,,0,14,8,128,16.00,0,13,,23.8,16.8,,142,
475,Bobby Rainey\RainBo00,BAL,RB,30,4,0,0,0,0,0,0,1,2,2.00,0,7,5,18,3.60,0,2,,13.0,10.5,,143,
476,Josh Malone\MaloJo00,CIN,WR,21,11,7,0,0,0,0,0,2,2,1.00,0,17,6,63,10.50,1,13,,18.5,15.5,,143,
477,Dan Vitale\VitaDa00,CLE,RB,24,15,6,0,0,0,0,0,0,0,,0,5,3,19,6.33,0,2,,4.9,3.4,,144,
478,Maurice Harris\HarrMa05,WAS,WR,25,6,0,0,0,0,0,0,0,0,,0,6,4,62,15.50,1,12,,16.2,14.2,,144,
479,Michael Burton\BurtMi00,CHI,RB,25,16,3,0,0,0,0,0,4,9,2.25,0,4,2,8,4.00,0,2,,3.7,2.7,,145,
480,Travis Rudolph\RudoTr00,NYG,WR,22,7,1,0,0,0,0,0,0,0,,0,21,8,101,12.63,0,12,,21.1,14.1,,145,
481,Matt Jones\JoneMa04,IND,RB,24,5,0,0,0,0,0,0,5,14,2.80,0,0,0,0,,0,1,,1.4,1.4,,146,
482,Marvin Hall\HallMa02,ATL,WR,24,8,0,0,0,0,0,0,0,0,,0,9,2,60,30.00,1,12,,14.0,13.0,,146,
483,LeShun Daniels\DaniLe00,WAS,RB,22,4,0,0,0,0,0,0,3,14,4.67,0,0,0,0,,0,1,,1.4,1.4,,147,
484,Hunter Sharp\SharHu01,2TM,WR,23,3,1,0,0,0,0,0,0,0,,0,9,5,54,10.80,1,11,,16.4,13.9,,147,
485,Taiwan Jones\JoneTa00,BUF,RB,29,8,0,0,0,0,0,0,0,0,,0,2,1,11,11.00,0,1,,2.1,1.6,,148,
486,ArDarius Stewart\StewAr00,NYJ,WR,24,15,2,0,0,0,0,0,7,27,3.86,0,13,6,82,13.67,0,11,,16.9,13.9,,148,
487,Raheem Mostert\MostRa00,SFO,RB,25,11,0,0,0,0,0,0,6,30,5.00,0,0,0,0,,0,1,,2.0,1.0,,149,
488,Niles Paul\PaulNi00,WAS,WR,28,14,8,0,0,0,0,0,2,4,2.00,0,19,13,94,7.23,0,10,,22.8,16.3,,149,
489,Terrell Watson\WatsTe00,PIT,RB,24,10,0,0,0,0,0,0,5,8,1.60,0,0,0,0,,0,1,,0.8,0.8,,150,
490,Jaelen Strong\StroJa01,2TM,WR,23,2,0,0,0,0,0,0,0,0,,0,4,3,38,12.67,1,10,,12.8,11.3,,150,
491,Joe Kerridge\KerrJo00,GNB,RB,25,4,0,0,0,0,0,0,0,0,,0,1,1,3,3.00,0,,,1.3,0.8,,151,
492,Freddie Martino\MartFr00,TAM,WR,26,8,0,0,0,0,0,0,0,0,,0,6,5,96,19.20,0,10,,14.6,12.1,,151,
493,John Kuhn\KuhnJo00,NOR,RB,35,2,1,0,0,0,0,0,1,2,2.00,0,0,0,0,,0,,,0.2,0.2,,152,
494,Mike Williams\WillMi07,LAC,WR,23,10,1,0,0,0,0,0,0,0,,0,23,11,95,8.64,0,10,,20.5,15.0,,152,
495,Justin Davis\DaviJu00,LAR,RB,22,4,0,0,0,0,0,0,1,1,1.00,0,0,0,0,,0,,,0.1,0.1,,153,
496,Chad Hansen\HansCh00,NYJ,WR,22,15,1,0,0,0,0,0,0,0,,0,17,9,94,10.44,0,9,,18.4,13.9,,153,
497,Daniel Lasco\LascDa00,NOR,,25,3,0,0,0,0,0,0,0,0,,0,0,0,0,,0,,,,,,154,
498,Mike Thomas\ThomMi04,LAR,WR,23,8,1,0,0,0,0,0,0,0,,0,7,5,93,18.60,0,9,,14.3,11.8,,154,
499,C.J. Spiller\SpilC.00,KAN,RB,30,1,0,0,0,0,0,0,2,0,0.00,0,2,0,0,,0,,,,,,155,
500,Jerell Adams\AdamJe01,NYG,WR,25,16,1,0,0,0,0,0,0,0,,0,11,8,92,11.50,0,9,,17.2,13.2,,155,
501,Joe Banyard\BanyJo00,BUF,,29,3,0,0,0,0,0,0,0,0,,0,0,0,0,,0,,,,,,156,
502,Kaelin Clay\ClayKa00,2TM,WR,25,13,2,0,0,0,0,0,3,27,9.00,0,19,6,85,14.17,0,9,,22.2,18.2,,156,
503,Terrence Magee\MageTe00,ATL,,24,2,0,0,0,0,0,0,0,0,,0,0,0,0,,0,,,,,,157,
504,Xavier Grimble\GrimXa00,PIT,WR,25,15,2,0,0,0,0,0,0,0,,0,9,5,32,6.40,1,9,,14.2,11.7,,157,
505,Jordan Todman\TodmJo00,HOU,,27,14,0,0,0,0,0,0,0,0,,0,0,0,0,,0,,,,,,158,
506,Jesus Wilson\WilsJe00,TAM,WR,22,3,1,0,0,0,0,0,3,8,2.67,0,1,1,18,18.00,1,9,,9.6,9.1,,158,
507,Bronson Hill\HillBr01,ARI,RB,24,2,0,0,0,0,0,0,1,-2,-2.00,0,0,0,0,,0,,,-0.2,-0.2,,159,
508,Kasen Williams\WillKa02,CLE,WR,25,7,2,0,0,0,0,0,0,0,,0,18,9,84,9.33,0,8,,17.4,12.9,,159,
509,Darren McFadden\McFaDa00,DAL,RB,30,1,0,0,0,0,0,0,1,-2,-2.00,0,0,0,0,,0,,,-0.2,-0.2,,160,
510,Chris Thompson\ThomCh05,HOU,WR,,13,0,0,0,0,0,0,0,0,,0,6,5,84,16.80,0,8,,13.4,10.9,,160,
511,Devante Mays\MaysDe00,GNB,RB,23,8,0,0,0,0,0,0,4,1,0.25,0,3,3,0,0.00,0,-2,,2.1,-0.4,,161,
512,Justin Hunter\HuntJu00,PIT,WR,26,7,1,0,0,0,0,0,0,0,,0,10,4,23,5.75,1,8,,12.3,10.3,,161,
513,Trevor Davis\DaviTr03,GNB,WR,24,16,0,0,0,0,0,0,2,13,6.50,0,7,5,70,14.00,0,8,,13.3,10.8,,162,
514,Neal Sterling\SterNe00,NYJ,WR,29,11,1,0,0,0,0,0,0,0,,0,10,6,82,13.67,0,8,,14.2,11.2,,163,
515,Michael Floyd\FloyMi00,MIN,WR,28,11,1,0,0,0,0,0,0,0,,0,17,10,78,7.80,0,8,,17.8,12.8,,164,
516,Breshad Perriman\PerrBr02,BAL,WR,24,11,3,0,0,0,0,0,0,0,,0,35,10,77,7.70,0,8,,17.7,12.7,,165,
517,Brian Quick\QuicBr00,WAS,WR,28,11,1,0,0,0,0,0,0,0,,0,8,6,76,12.67,0,8,,13.6,10.6,,166,
518,Tanner McEvoy\McEvTa01,SEA,WR,24,15,0,0,1,0,0,1,0,0,,0,9,5,113,22.60,0,7,,17.3,10.8,,167,
519,Jeremy Sprinkle\SpriJe00,WAS,WR,23,11,5,0,0,0,0,0,0,0,,0,3,2,13,6.50,1,7,,9.3,8.3,,168,
520,Willie Snead\SneaWi00,NOR,WR,25,11,7,0,0,0,0,0,0,0,,0,16,8,92,11.50,0,7,,16.2,11.2,,169,
521,Derek Carrier\CarrDe00,LAR,WR,27,14,3,0,0,0,0,0,0,0,,0,11,8,71,8.88,0,7,,15.1,11.1,,170,
522,Amara Darboh\DarbAm00,SEA,WR,23,16,0,0,0,0,0,0,0,0,,0,13,8,71,8.88,0,7,,15.1,11.1,,171,
523,Sammie Coates\CoatSa00,CLE,WR,24,12,1,0,0,0,0,0,0,0,,0,11,6,70,11.67,0,7,,13.0,10.0,,172,
524,Pharoh Cooper*+\CoopPh00,LAR,WR,22,16,1,0,0,0,0,0,1,6,6.00,0,19,11,84,7.64,0,7,,25.0,18.5,,173,
525,Brittan Golden\GoldBr00,ARI,WR,29,13,0,0,0,0,0,0,0,0,,0,9,5,70,14.00,0,7,,12.0,9.5,,174,
526,Leonte Carroo\CarrLe00,MIA,WR,23,14,0,0,0,0,0,0,0,0,,0,12,7,69,9.86,0,7,,13.9,10.4,,175,
527,Bryce Treggs\TregBr00,CLE,WR,23,6,1,0,0,0,0,0,1,6,6.00,0,18,5,79,15.80,0,7,,12.5,9.0,,176,
528,Chad Williams\WillCh05,ARI,WR,23,6,1,0,0,0,0,0,2,33,16.50,0,7,3,31,10.33,0,6,,9.4,7.9,,177,
529,Vince Mayle\MaylVi00,BAL,WR,26,16,0,0,0,0,0,0,2,2,1.00,1,1,0,0,,0,6,,6.2,6.2,,178,
530,Markus Wheaton\WheaMa00,CHI,WR,26,11,0,0,0,0,0,0,0,0,,0,17,3,46,15.33,0,5,,7.6,6.1,,179,
531,Jared Abbrederis\AbbrJa00,DET,WR,27,7,0,0,0,0,0,0,0,0,,0,7,3,44,14.67,0,4,,7.4,5.9,,180,
532,Michael Clark\ClarMi00,GNB,WR,22,2,0,0,0,0,0,0,0,0,,0,14,4,41,10.25,0,4,,8.1,6.1,,181,
533,Quan Bray\BrayQu00,IND,WR,24,9,0,0,0,0,0,0,0,0,,0,4,3,39,13.00,0,4,,6.9,5.4,,182,
534,Bernard Reedy\ReedBe01,2TM,WR,26,11,0,0,0,0,0,0,3,17,5.67,0,2,2,21,10.50,0,4,,5.8,4.8,,183,
535,Tanner Gentry\GentTa00,CHI,WR,23,4,3,0,0,0,0,0,0,0,,0,6,3,35,11.67,0,4,,6.5,5.0,,184,
536,Noah Brown\BrowNo00,DAL,WR,21,13,1,0,0,0,0,0,0,0,,0,9,4,33,8.25,0,3,,7.3,5.3,,185,
537,Jojo Natson\NatsJo00,NYJ,WR,23,7,0,0,0,0,0,0,1,15,15.00,0,5,2,18,9.00,0,3,,5.3,4.3,,186,
538,Nick Williams\WillNi02,ATL,WR,27,1,0,0,0,0,0,0,0,0,,0,4,3,30,10.00,0,3,,6.0,4.5,,187,
539,Ryan Switzer\SwitRy00,DAL,WR,23,16,0,0,0,0,0,0,4,5,1.25,0,7,6,41,6.83,0,3,,15.6,11.6,,188,
540,Jordan Leslie\LeslJo00,CLE,WR,26,2,0,0,0,0,0,0,0,0,,0,1,1,26,26.00,0,3,,3.6,3.1,,189,
541,Antony Auclair\AuclAn00,TAM,WR,24,8,3,0,0,0,0,0,0,0,,0,2,2,25,12.50,0,3,,4.5,3.5,,190,
542,Chris Matthews\MattCh00,BAL,WR,28,6,0,0,0,0,0,0,0,0,,0,6,3,25,8.33,0,3,,5.5,4.0,,191,
543,Marcus Johnson\JohnMa07,PHI,WR,23,10,0,0,0,0,0,0,0,0,,0,8,5,45,9.00,0,3,,8.5,5.0,,192,
544,DeAndrew White\WhitDe01,HOU,WR,26,2,1,0,0,0,0,0,0,0,,0,7,1,24,24.00,0,2,,3.4,2.9,,193,
545,Griff Whalen\WhalGr00,BAL,WR,27,2,0,0,0,0,0,0,0,0,,0,6,4,23,5.75,0,2,,6.3,4.3,,194,
546,Jehu Chesson\ChesJe00,KAN,WR,24,12,1,0,0,0,0,0,0,0,,0,4,2,18,9.00,0,2,,3.8,2.8,,195,
547,Allen Robinson\RobiAl02,JAX,WR,24,1,1,0,0,0,0,0,0,0,,0,1,1,17,17.00,0,2,,2.7,2.2,,196,
548,Darius Powe\PoweDa02,NYG,WR,23,1,1,0,0,0,0,0,0,0,,0,4,2,13,6.50,0,1,,3.3,2.3,,197,
549,Jeff Janis\JaniJe00,GNB,WR,26,16,0,0,0,0,0,0,0,0,,0,5,2,12,6.00,0,1,,3.2,2.2,,198,
550,Arrelious Benn\BennAr00,JAX,WR,29,9,0,0,0,0,0,0,0,0,,0,2,1,12,12.00,0,1,,2.2,1.7,,199,
551,Shelton Gibson\GibsSh00,PHI,WR,22,5,0,0,0,0,0,0,0,0,,0,3,2,11,5.50,0,1,,3.1,2.1,,200,
552,Harry Douglas\DougHa00,TEN,WR,33,2,0,0,0,0,0,0,0,0,,0,3,1,8,8.00,0,1,,1.8,1.3,,201,
553,Cobi Hamilton\HamiCo00,HOU,WR,27,3,1,0,0,0,0,0,0,0,,0,6,1,8,8.00,0,1,,1.8,1.3,,202,
554,Kevin White\WhitKe00,CHI,WR,25,1,1,0,0,0,0,0,0,0,,0,4,2,6,3.00,0,1,,2.6,1.6,,203,
555,Larry Pinkard\PinkLa00,JAX,WR,25,4,0,0,0,0,0,0,0,0,,0,1,1,5,5.00,0,1,,1.5,1.0,,204,
556,Eric Weems\WeemEr00,TEN,WR,32,16,0,0,0,0,0,0,1,0,0.00,0,2,1,5,5.00,0,1,,1.5,1.0,,205,
557,Max McCaffrey\McCaMa01,JAX,WR,23,5,0,0,0,0,0,0,0,0,,0,1,1,4,4.00,0,,,1.4,0.9,,206,
558,Charone Peake\PeakCh00,NYJ,WR,25,3,0,0,0,0,0,0,0,0,,0,1,1,3,3.00,0,,,1.3,0.8,,207,
559,Matt Hazel\HazeMa01,IND,WR,25,4,0,0,0,0,0,0,0,0,,0,1,1,1,1.00,0,,,1.1,0.6,,208,
560,Victor Bolden\BoldVi00,SFO,,22,9,0,0,0,0,0,0,0,0,,0,0,0,0,,0,,,,,,209,
561,Stacy Coley\ColeSt00,MIN,,23,4,0,0,0,0,0,0,0,0,,0,0,0,0,,0,,,,,,210,
562,Justin Hardee\HardJu01,NOR,,23,14,0,0,0,0,0,0,0,0,,0,0,0,0,,0,,,,,,211,
563,Matt Slater*\SlatMa00,NWE,,32,9,0,0,0,0,0,0,0,0,,0,0,0,0,,0,,,,,,212,
564,Cody Core\CoreCo00,CIN,,23,13,0,0,0,0,0,0,0,0,,0,4,0,0,,0,,,,,,213,
565,Geremy Davis\DaviGe00,LAC,,25,2,0,0,0,0,0,0,0,0,,0,0,0,0,,0,,,,,,214,
566,Andy Jones\JoneAn01,2TM,,23,3,0,0,0,0,0,0,0,0,,0,0,0,0,,0,,,,,,215,
567,Bradley Marquez\MarqBr00,DET,,25,1,0,0,0,0,0,0,0,0,,0,0,0,0,,0,,,,,,216,
568,Isaiah McKenzie\McKeIs00,DEN,WR,22,11,0,0,0,0,0,0,1,4,4.00,0,13,4,29,7.25,0,-1,,5.3,1.3,,217,
569,John Ross\RossJo00,CIN,WR,23,3,1,0,0,0,0,0,1,12,12.00,0,2,0,0,,0,-1,,0.2,-0.8,,218,
570,Andre Roberts\RobeAn00,ATL,WR,29,16,0,0,0,0,0,0,0,0,,0,4,1,12,12.00,0,-1,,1.2,-0.3,,219,
571,Kalif Raymond\RaymKa00,2TM,WR,23,8,0,0,0,0,0,0,1,-1,-1.00,0,1,1,12,12.00,0,-1,,1.1,-0.4,,220,
572,Matt Haack\HaacMa00,MIA,WR,23,16,0,0,1,0,0,1,0,0,,0,0,0,0,,0,-2,,-1.0,-1.0,,221,
