Rk,Player,Pos,Age,Tm,G,MP,PER,TS%,3PAr,FTr,ORB%,DRB%,TRB%,AST%,STL%,BLK%,TOV%,USG%,,OWS,DWS,WS,WS/48,,OBPM,DBPM,BPM,VORP
1,Alex Abrines\abrinal01,SG,24,OKC,41,625,8.5,.556,.695,.182,3.0,9.7,6.2,3.4,1.8,0.3,10.3,12.9,,0.5,0.6,1.2,.090,,-1.3,-1.5,-2.8,-0.1
2,Quincy Acy\acyqu01,PF,27,BRK,40,773,7.0,.515,.782,.227,3.4,19.1,11.1,4.3,0.9,1.1,15.9,15.2,,-0.4,0.7,0.4,.024,,-3.1,-0.5,-3.6,-0.3
3,Steven Adams\adamsst01,C,24,OKC,40,1279,21.5,.643,.003,.346,17.3,13.5,15.5,4.9,1.9,3.1,13.3,16.6,,3.7,1.8,5.5,.207,,2.5,1.2,3.7,1.8
4,Bam Adebayo\adebaba01,C,20,MIA,35,701,16.4,.605,.025,.500,9.9,18.8,14.4,10.7,1.5,2.5,14.7,15.1,,1.4,0.9,2.3,.160,,-0.6,2.0,1.4,0.6
5,Arron Afflalo\afflaar01,SG,32,ORL,35,453,4.8,.487,.400,.200,0.7,9.7,5.2,5.1,0.2,0.9,9.2,11.5,,-0.1,0.0,-0.1,-0.006,,-4.2,-1.9,-6.1,-0.5
6,Cole Aldrich\aldrico01,C,29,MIN,10,22,11.0,.444,.000,.286,10.5,10.7,10.6,6.5,4.6,0.0,11.3,17.9,,0.0,0.0,0.0,.051,,-2.9,0.2,-2.7,0.0
7,LaMarcus Aldridge\aldrila01,C,32,SAS,44,1486,24.2,.563,.086,.301,10.9,17.1,14.0,10.6,0.8,2.8,7.0,29.0,,4.2,2.2,6.4,.207,,2.5,0.0,2.5,1.7
8,Jarrett Allen\allenja01,C,19,BRK,36,617,14.8,.572,.035,.312,9.8,17.1,13.4,4.3,1.2,3.8,12.7,15.3,,0.8,0.8,1.5,.120,,-2.6,1.5,-1.1,0.1
9,Kadeem Allen\allenka01,PG,25,BOS,3,8,4.2,.399,1.000,2.000,13.9,13.4,13.6,0.0,0.0,0.0,21.0,26.7,,0.0,0.0,0.0,-0.095,,-7.2,-8.1,-15.3,0.0
10,Tony Allen\allento01,SF,36,NOP,22,273,8.8,.514,.132,.231,8.6,10.7,9.7,4.8,1.9,0.9,15.9,19.2,,-0.1,0.2,0.1,.011,,-3.9,-1.7,-5.6,-0.2
11,Al-Farouq Aminu\aminual01,PF,27,POR,32,967,12.2,.540,.574,.112,4.7,20.5,12.7,5.3,1.4,2.0,10.5,14.8,,0.7,1.4,2.0,.101,,-0.6,1.3,0.7,0.7
12,Justin Anderson\anderju01,SF,24,PHI,13,155,8.4,.477,.583,.150,7.2,16.1,11.8,3.7,0.9,0.5,8.6,19.0,,0.0,0.2,0.2,.046,,-2.9,-3.1,-6.0,-0.2
13,Kyle Anderson\anderky01,SF,24,SAS,38,1034,15.3,.581,.097,.388,4.5,19.2,11.9,14.3,2.5,2.0,16.6,13.9,,1.2,2.0,3.2,.150,,-0.7,3.9,3.2,1.4
14,Ryan Anderson\anderry01,PF,29,HOU,42,1203,12.5,.581,.706,.173,6.4,15.6,11.0,5.2,0.8,1.1,8.3,14.6,,2.0,0.9,2.9,.117,,1.1,-0.9,0.1,0.6
15,Ike Anigbogu\anigbik01,C,19,IND,10,28,23.3,.558,.000,.667,20.7,15.9,18.3,0.0,1.8,9.3,14.7,21.8,,0.1,0.0,0.1,.174,,-3.7,-1.6,-5.3,0.0
16,Giannis Antetokounmpo\antetgi01,PF,23,MIL,42,1572,29.5,.614,.086,.499,7.4,25.1,16.2,22.8,2.1,3.0,10.7,31.4,,6.1,1.9,7.9,.242,,5.3,1.5,6.9,3.5
17,Carmelo Anthony\anthoca01,PF,33,OKC,44,1437,14.4,.519,.385,.193,2.4,18.3,10.1,7.4,1.0,1.7,7.3,24.4,,1.3,1.7,3.0,.102,,-1.2,-1.8,-3.0,-0.4
18,OG Anunoby\anunoog01,SF,20,TOR,43,927,9.8,.589,.602,.185,3.0,9.2,6.1,5.2,1.9,0.4,10.9,12.0,,0.9,0.9,1.9,.098,,0.7,0.3,0.9,0.7
19,Ryan Arcidiacono\arcidry01,PG,23,CHI,1,5,-13.0,.000,1.000,.000,0.0,0.0,0.0,24.9,0.0,0.0,0.0,17.6,,0.0,0.0,0.0,-0.360,,-12.6,-9.9,-22.5,0.0
20,Trevor Ariza\arizatr01,SF,32,HOU,40,1449,12.1,.591,.734,.140,1.8,13.5,7.6,6.8,2.1,0.5,8.3,13.6,,2.0,1.5,3.4,.114,,1.4,0.5,1.9,1.4
21,Darrell Arthur\arthuda01,PF,29,DEN,6,49,-10.0,.219,.563,.000,2.3,11.5,6.9,2.7,2.0,0.0,30.4,20.4,,-0.4,0.0,-0.3,-0.311,,-13.7,-2.3,-15.9,-0.2
22,Jamel Artis\artisja01,SG,25,ORL,5,55,0.8,.246,.294,.176,2.0,12.0,7.0,9.7,0.0,0.0,0.0,14.5,,-0.1,0.0,-0.2,-0.131,,-8.0,-3.0,-11.0,-0.1
23,Omer Asik\asikom01,C,31,NOP,11,85,3.9,.393,.000,.615,6.9,29.2,18.5,3.0,0.0,1.0,19.5,10.6,,-0.1,0.1,0.0,-0.021,,-8.1,-1.5,-9.7,-0.2
24,D.J. Augustin\augusdj01,PG,30,ORL,38,768,13.9,.594,.514,.414,1.4,7.6,4.5,22.3,1.8,0.0,16.9,17.7,,1.2,0.3,1.4,.090,,0.7,-2.5,-1.8,0.0
25,Luke Babbitt\babbilu01,SF,28,ATL,30,517,11.4,.622,.642,.149,0.9,15.1,7.9,6.7,0.7,0.7,8.7,14.7,,0.7,0.2,0.9,.084,,-0.1,-2.3,-2.3,0.0
26,Dwayne Bacon\bacondw01,SG,22,CHO,31,457,4.8,.421,.278,.122,0.2,20.9,10.4,6.2,1.0,0.4,11.0,12.9,,-0.5,0.5,0.0,-0.004,,-5.9,0.5,-5.4,-0.4
27,Ron Baker\bakerro01,SG,24,NYK,23,342,10.1,.518,.536,.429,1.3,5.4,3.4,16.0,3.5,1.3,18.4,10.5,,0.2,0.4,0.6,.081,,-1.0,0.9,-0.1,0.2
28,Lonzo Ball\balllo01,PG,20,LAL,36,1222,12.1,.436,.489,.125,4.1,18.4,11.2,29.2,2.1,2.1,18.9,17.8,,-0.6,1.6,1.0,.038,,-1.6,2.3,0.7,0.8
29,J.J. Barea\bareajo01,PG,33,DAL,44,1011,18.5,.546,.454,.189,1.0,14.8,7.6,43.7,1.2,0.2,15.5,25.4,,1.6,0.7,2.3,.109,,2.8,-1.8,1.0,0.8
30,Harrison Barnes\barneha02,PF,25,DAL,45,1571,16.4,.546,.250,.260,3.5,18.6,10.8,10.3,1.0,0.5,8.4,24.5,,1.5,1.2,2.7,.083,,-0.4,-0.9,-1.3,0.3
31,Will Barton\bartowi01,SG,27,DEN,44,1372,16.3,.543,.403,.213,3.1,14.3,8.6,20.2,1.6,1.8,11.8,21.2,,2.0,1.3,3.3,.115,,1.2,-0.1,1.1,1.1
32,Nicolas Batum\batumni01,SG,29,CHO,29,901,11.4,.487,.403,.167,2.2,12.5,7.3,22.5,1.5,0.9,16.3,17.7,,-0.1,0.9,0.9,.046,,-1.0,0.7,-0.3,0.4
33,Jerryd Bayless\bayleje01,SG,29,PHI,35,870,8.0,.550,.561,.179,1.8,7.5,4.8,8.1,1.3,0.6,13.7,14.9,,0.3,0.7,1.0,.056,,-1.5,-0.9,-2.4,-0.1
34,Aron Baynes\baynear01,C,31,BOS,46,844,12.1,.511,.029,.238,9.6,21.6,15.7,7.5,0.8,2.8,14.0,16.3,,0.4,1.6,2.0,.112,,-3.9,2.2,-1.8,0.0
35,Kent Bazemore\bazemke01,SG,28,ATL,44,1252,15.0,.541,.396,.293,1.7,15.6,8.6,20.2,3.2,2.1,17.3,21.9,,0.3,1.5,1.8,.069,,-0.5,1.5,1.0,1.0
36,Bradley Beal\bealbr01,SG,24,WAS,45,1613,19.6,.562,.344,.266,2.4,10.9,6.7,18.0,1.5,1.1,9.5,28.6,,2.9,1.4,4.3,.129,,3.0,-1.3,1.7,1.5
37,Malik Beasley\beaslma01,SG,21,DEN,40,430,8.2,.475,.444,.173,3.3,12.4,7.8,8.3,1.3,0.6,11.2,16.3,,-0.1,0.3,0.2,.025,,-3.3,-1.9,-5.2,-0.3
38,Michael Beasley\beaslmi01,PF,29,NYK,38,733,19.7,.570,.098,.233,7.7,21.7,14.9,12.5,1.0,2.8,15.6,29.6,,0.4,0.8,1.3,.085,,-0.7,-0.5,-1.2,0.1
39,Marco Belinelli\belinma01,SG,31,ATL,43,1002,15.2,.566,.506,.218,1.4,8.1,4.7,13.9,2.0,0.3,9.4,21.4,,1.4,0.4,1.9,.090,,1.3,-2.5,-1.2,0.2
40,Jordan Bell\belljo01,C,23,GSW,38,546,19.5,.673,.023,.229,10.3,19.2,15.2,16.7,2.3,5.7,20.9,14.6,,1.2,1.0,2.3,.199,,1.2,4.1,5.3,1.0
41,DeAndre' Bembry\bembrde01,SF,23,ATL,18,311,4.7,.447,.227,.239,2.5,12.6,7.5,12.0,2.1,2.3,27.0,18.8,,-0.8,0.2,-0.6,-0.091,,-7.2,0.6,-6.6,-0.4
42,Dragan Bender\bendedr01,PF,20,PHO,45,998,6.9,.515,.700,.086,1.7,14.7,8.1,7.4,0.5,2.2,16.3,12.8,,-0.3,0.3,0.1,.003,,-2.4,-0.5,-2.9,-0.2
43,Davis Bertans\bertada01,PF,25,SAS,42,541,14.4,.619,.703,.126,1.9,13.9,7.9,8.3,0.7,2.3,9.4,17.7,,0.9,0.7,1.6,.146,,1.5,-0.8,0.7,0.4
44,Patrick Beverley\beverpa01,SG,29,LAC,11,334,12.7,.530,.504,.143,5.3,9.5,7.4,14.3,2.8,1.3,16.5,19.7,,0.1,0.3,0.5,.065,,0.5,0.6,1.1,0.3
45,Khem Birch\birchkh01,C,25,ORL,9,56,22.8,.640,.000,.235,19.4,17.7,18.6,11.1,0.0,6.9,13.8,16.9,,0.2,0.0,0.2,.205,,1.4,1.6,3.0,0.1
46,Jabari Bird\birdja01,SG,23,BOS,4,22,6.1,.403,.500,1.250,0.0,9.7,5.0,6.2,2.3,0.0,0.0,12.6,,0.0,0.0,0.0,.065,,-4.5,0.1,-4.4,0.0
47,Bismack Biyombo\biyombi01,C,25,ORL,45,825,14.0,.568,.006,.511,11.2,24.8,18.0,4.3,0.5,5.5,17.6,13.8,,0.8,0.9,1.6,.094,,-3.6,1.7,-1.9,0.0
48,Nemanja Bjelica\bjeline01,PF,29,MIN,32,433,13.9,.649,.488,.142,4.0,17.4,10.6,6.7,1.5,0.8,13.5,16.0,,0.7,0.3,1.1,.118,,0.9,-1.5,-0.6,0.2
49,Tarik Black\blackta01,C,26,HOU,33,331,14.2,.575,.091,.466,14.3,20.7,17.4,3.6,1.9,4.6,20.3,17.4,,0.2,0.5,0.8,.111,,-3.3,1.1,-2.2,0.0
50,Antonio Blakeney\blakean01,SG,21,CHI,11,163,8.1,.457,.364,.247,1.9,11.6,6.6,6.8,0.6,0.0,8.6,25.1,,-0.2,0.1,-0.2,-0.053,,-5.0,-4.4,-9.4,-0.3
51,Eric Bledsoe\bledser01,PG,28,TOT,37,1154,18.3,.555,.354,.343,2.8,11.8,7.2,21.6,3.3,1.7,15.7,27.3,,0.7,1.2,1.9,.080,,1.2,-0.4,0.8,0.8
51,Eric Bledsoe\bledser01,PG,28,PHO,3,83,13.3,.509,.325,.350,3.8,5.2,4.5,17.9,2.3,1.9,17.8,28.6,,-0.1,0.0,0.0,-0.017,,-2.1,-2.5,-4.5,-0.1
51,Eric Bledsoe\bledser01,PG,28,MIL,34,1071,18.7,.559,.357,.342,2.7,12.3,7.5,21.8,3.4,1.6,15.5,27.2,,0.8,1.2,2.0,.088,,1.5,-0.2,1.2,0.9
52,Vander Blue\blueva01,SG,25,LAL,5,45,-1.8,.255,.400,.400,0.0,2.4,1.2,8.3,1.1,0.0,33.8,8.3,,-0.1,0.0,-0.1,-0.103,,-8.9,-1.4,-10.4,-0.1
53,Bogdan Bogdanovic\bogdabo01,SG,25,SAC,41,1089,14.8,.601,.416,.188,1.6,10.2,5.8,16.9,1.9,0.9,14.8,18.9,,1.4,0.4,1.8,.078,,1.2,-1.6,-0.4,0.4
54,Bojan Bogdanovic\bogdabo02,SF,28,IND,44,1347,12.5,.589,.462,.200,0.9,10.5,5.8,6.4,1.0,0.1,9.8,18.4,,1.6,0.6,2.2,.078,,0.6,-2.3,-1.6,0.1
55,Andrew Bogut\bogutan01,C,33,LAL,24,216,10.9,.696,.000,.080,12.6,25.9,19.2,9.2,0.9,4.9,42.3,8.7,,0.1,0.3,0.4,.089,,-4.0,3.5,-0.5,0.1
56,Joel Bolomboy\bolomjo01,PF,24,MIL,6,38,12.0,.521,.167,1.000,18.8,12.7,15.8,0.0,2.6,0.0,18.8,12.8,,0.0,0.0,0.1,.079,,-2.9,-4.7,-7.7,-0.1
57,Devin Booker\bookede01,SG,21,PHO,35,1204,19.4,.576,.364,.340,1.2,12.9,7.0,24.1,1.3,0.6,14.2,31.3,,2.0,0.4,2.4,.095,,3.6,-2.4,1.2,1.0
58,Trevor Booker\booketr01,PF,30,TOT,34,630,16.2,.563,.068,.309,11.2,19.5,15.4,13.3,1.3,1.7,15.2,18.7,,0.8,0.7,1.6,.119,,-0.9,1.1,0.2,0.3
58,Trevor Booker\booketr01,PF,30,BRK,18,395,15.6,.536,.087,.287,10.0,21.9,15.9,16.3,1.0,1.0,15.1,21.5,,0.3,0.4,0.7,.085,,-1.4,0.8,-0.6,0.1
58,Trevor Booker\booketr01,PF,30,PHI,16,235,17.3,.634,.018,.368,13.3,15.5,14.4,8.1,1.8,2.8,15.3,14.1,,0.5,0.3,0.9,.177,,0.0,1.6,1.6,0.2
59,Avery Bradley\bradlav01,SG,27,DET,36,1146,10.9,.507,.345,.151,1.6,7.0,4.2,11.0,1.9,0.5,13.5,25.0,,-0.9,1.1,0.2,.010,,-2.1,-1.3,-3.4,-0.4
60,Tony Bradley\bradlto01,C,20,UTA,8,28,10.1,.337,.091,.182,16.0,29.5,22.6,5.4,0.0,0.0,0.0,19.4,,0.0,0.0,0.0,.006,,-6.7,-3.9,-10.6,-0.1
61,Corey Brewer\breweco01,SF,31,LAL,43,519,8.5,.514,.282,.347,2.4,10.3,6.3,8.3,2.9,1.1,17.3,14.0,,-0.2,0.6,0.5,.042,,-3.9,0.9,-3.0,-0.1
62,Malcolm Brogdon\brogdma01,PG,25,MIL,43,1338,14.2,.569,.318,.160,2.0,11.0,6.5,16.6,1.4,0.7,10.4,19.1,,1.9,0.6,2.5,.088,,0.8,-2.0,-1.2,0.3
63,Aaron Brooks\brookaa01,PG,33,MIN,21,151,9.9,.502,.420,.080,3.8,6.2,5.0,15.1,1.7,0.0,11.9,17.3,,0.1,0.1,0.1,.045,,-0.9,-3.0,-3.9,-0.1
64,Dillon Brooks\brookdi01,SF,22,MEM,43,1174,8.2,.555,.379,.186,2.1,10.0,6.0,6.6,1.4,1.0,13.3,14.1,,0.3,0.7,1.0,.041,,-2.0,-0.5,-2.4,-0.1
65,Bobby Brown\brownbo02,PG,33,HOU,20,115,5.5,.425,.690,.034,0.0,6.9,3.4,14.7,1.7,0.0,13.3,25.5,,-0.3,0.1,-0.2,-0.080,,-4.9,-4.6,-9.4,-0.2
66,Jaylen Brown\brownja02,SF,21,BOS,41,1289,13.5,.551,.403,.300,3.8,15.3,9.6,7.4,1.8,1.1,11.4,20.8,,0.6,2.3,2.9,.108,,-0.8,1.0,0.2,0.7
67,Lorenzo Brown\brownlo01,PG,27,TOR,11,84,7.5,.333,.333,.000,0.0,13.2,6.7,18.3,1.7,0.0,0.0,9.3,,0.0,0.1,0.1,.053,,-3.5,0.0,-3.6,0.0
68,Sterling Brown\brownst02,SG,22,MIL,19,174,10.9,.538,.367,.143,4.1,18.1,11.0,3.3,3.2,2.0,11.8,15.5,,0.0,0.2,0.2,.065,,-3.0,-0.5,-3.5,-0.1
69,Nicolas Brussino\brussni01,SF,24,ATL,4,10,-4.7,.000,1.000,.000,0.0,34.4,17.1,0.0,0.0,0.0,0.0,8.8,,0.0,0.0,0.0,-0.178,,-13.5,-5.2,-18.7,0.0
70,Thomas Bryant\bryanth01,C,20,LAL,3,6,-0.7,.266,1.000,2.000,0.0,17.9,8.8,0.0,0.0,0.0,0.0,13.1,,0.0,0.0,0.0,-0.101,,-8.7,-5.8,-14.5,0.0
71,Reggie Bullock\bullore01,SF,26,DET,29,683,12.4,.626,.523,.063,1.9,7.0,4.4,6.1,1.9,0.6,6.8,12.5,,1.1,0.7,1.7,.121,,0.9,0.1,1.0,0.5
72,Trey Burke\burketr01,PG,25,NYK,1,8,28.5,.525,.000,1.333,14.4,0.0,7.0,35.6,0.0,0.0,0.0,26.2,,0.1,0.0,0.0,.297,,6.8,-4.9,1.9,0.0
73,Alec Burks\burksal01,SG,26,UTA,41,751,15.2,.528,.335,.304,2.4,18.5,10.3,10.0,2.2,1.0,9.7,23.9,,0.4,0.9,1.2,.080,,-1.7,-0.7,-2.5,-0.1
74,Jimmy Butler\butleji01,SG,28,MIN,45,1662,23.7,.589,.211,.425,4.4,12.5,8.4,21.1,2.8,1.0,9.5,24.5,,5.5,1.6,7.1,.205,,4.8,0.3,5.1,3.0
75,Dwight Buycks\buyckdw01,PG,28,DET,11,172,13.6,.532,.231,.167,2.5,11.5,6.9,28.0,1.2,0.5,19.3,26.7,,0.0,0.2,0.1,.035,,-2.0,-1.8,-3.8,-0.1
76,Bruno Caboclo\cabocbr01,SF,22,TOR,2,7,-0.1,.000,1.000,.000,0.0,15.9,8.1,16.8,7.0,0.0,0.0,12.4,,0.0,0.0,0.0,-0.113,,-6.5,4.3,-2.1,0.0
77,Jose Calderon\caldejo01,PG,36,CLE,33,573,10.1,.633,.574,.178,1.6,8.1,4.9,16.9,1.6,0.0,18.1,10.3,,0.8,0.2,1.0,.084,,-0.2,-1.9,-2.1,0.0
78,Kentavious Caldwell-Pope\caldwke01,SG,24,LAL,38,1269,12.9,.541,.508,.234,2.4,12.9,7.6,8.9,2.5,0.6,10.3,17.7,,0.9,1.4,2.3,.087,,0.0,0.4,0.4,0.8
79,Isaiah Canaan\canaais01,PG-SG,26,TOT,13,280,16.9,.596,.488,.453,0.8,10.9,5.7,28.3,2.1,0.3,14.9,18.3,,0.7,0.1,0.8,.137,,2.0,-2.3,-0.4,0.1
79,Isaiah Canaan\canaais01,SG,26,HOU,1,4,-7.2,.000,.000,.000,0.0,28.5,14.2,0.0,0.0,0.0,0.0,10.8,,0.0,0.0,0.0,-0.227,,-16.9,-4.3,-21.2,0.0
79,Isaiah Canaan\canaais01,PG,26,PHO,12,276,17.3,.602,.494,.459,0.8,10.6,5.6,28.7,2.1,0.3,15.0,18.4,,0.7,0.1,0.8,.142,,2.3,-2.3,-0.1,0.1
80,Clint Capela\capelca01,C,23,HOU,38,1001,25.9,.673,.003,.371,14.3,32.8,23.5,7.5,1.2,5.7,13.4,20.3,,3.4,1.7,5.2,.248,,0.9,2.6,3.5,1.4
81,DeMarre Carroll\carrode01,SF,31,BRK,40,1162,13.9,.528,.474,.319,5.9,19.0,12.4,10.0,1.4,1.0,10.5,19.6,,1.0,1.2,2.2,.092,,-0.2,0.4,0.2,0.6
82,Vince Carter\cartevi01,SF,41,SAC,26,401,10.7,.470,.528,.120,2.2,12.5,7.2,9.4,2.6,4.0,7.3,13.7,,0.0,0.3,0.4,.043,,-2.0,1.3,-0.8,0.1
83,Michael Carter-Williams\cartemi01,PG,26,CHO,32,506,9.6,.433,.240,.480,5.0,13.5,9.2,20.6,2.3,2.3,20.1,16.2,,-0.3,0.7,0.4,.040,,-3.4,2.5,-0.9,0.1
84,Alex Caruso\carusal01,PG,23,LAL,13,126,3.8,.454,.250,.125,3.3,6.8,5.1,13.7,1.1,0.6,26.2,11.4,,-0.1,0.1,0.0,-0.019,,-5.7,-1.0,-6.7,-0.1
85,Omri Casspi\casspom01,SF,29,GSW,36,592,16.9,.664,.112,.342,4.8,23.1,14.7,9.6,1.2,2.4,12.7,15.6,,1.3,0.8,2.1,.173,,-0.1,0.6,0.4,0.4
86,Willie Cauley-Stein\caulewi01,C,24,SAC,41,1099,18.3,.546,.025,.335,7.0,22.0,14.2,13.9,1.8,2.9,11.7,21.6,,1.2,0.9,2.2,.094,,-0.8,1.0,0.2,0.6
87,Tyler Cavanaugh\cavanty01,PF,23,ATL,30,413,14.5,.603,.612,.147,9.3,18.1,13.6,9.1,1.1,0.6,8.2,14.3,,0.9,0.2,1.2,.135,,1.8,-1.5,0.4,0.2
88,Mario Chalmers\chalmma01,PG,31,MEM,40,901,10.0,.476,.428,.312,1.0,13.2,7.1,20.6,2.8,0.7,16.7,19.1,,-0.5,1.0,0.5,.026,,-2.5,0.0,-2.5,-0.1
89,Tyson Chandler\chandty01,C,35,PHO,34,872,14.3,.636,.000,.524,12.8,28.4,20.5,5.9,0.7,1.9,19.6,10.6,,1.4,0.7,2.1,.116,,-1.1,0.9,-0.2,0.4
90,Wilson Chandler\chandwi01,SF,30,DEN,41,1274,9.9,.516,.385,.198,5.3,14.8,10.0,9.5,0.8,1.1,14.3,14.8,,0.6,0.8,1.5,.055,,-1.5,-0.2,-1.8,0.1
91,Marquese Chriss\chrisma01,PF,20,PHO,42,890,10.9,.511,.431,.304,4.6,20.6,12.5,8.8,1.6,3.7,15.5,16.6,,-0.1,0.8,0.7,.039,,-2.4,1.4,-1.0,0.2
92,Ian Clark\clarkia01,SG,26,NOP,38,614,8.3,.501,.495,.153,1.0,9.3,5.3,11.0,1.1,0.7,9.8,16.1,,0.0,0.2,0.3,.020,,-2.3,-2.2,-4.6,-0.4
93,Jordan Clarkson\clarkjo01,SG,25,LAL,44,998,15.8,.518,.308,.180,3.7,9.4,6.5,22.5,1.4,0.1,11.6,27.3,,0.6,0.7,1.3,.061,,0.3,-2.6,-2.2,-0.1
94,Gian Clavell\clavegi01,SG,24,DAL,7,64,7.6,.530,.833,.111,1.7,10.9,6.2,6.7,1.6,0.0,9.6,14.9,,0.0,0.0,0.1,.043,,-1.4,-1.8,-3.2,0.0
95,Antonius Cleveland\clevean01,SG,23,DAL,13,81,5.1,.317,.071,.286,2.7,11.5,7.0,3.3,3.7,4.4,11.3,10.0,,-0.1,0.1,0.0,-0.004,,-7.2,4.6,-2.6,0.0
96,John Collins\collijo01,PF,20,ATL,38,841,21.1,.631,.025,.374,14.1,21.0,17.5,7.9,1.5,4.3,13.9,19.9,,2.1,0.9,3.0,.174,,0.9,1.2,2.1,0.9
97,Zach Collins\colliza01,C,20,POR,29,429,7.9,.458,.301,.130,6.3,16.6,11.5,7.8,1.0,2.3,14.5,15.6,,-0.3,0.5,0.3,.031,,-3.9,0.8,-3.1,-0.1
98,Kyle Collinsworth\colliky01,SF,26,DAL,5,33,9.5,.735,.333,1.333,0.0,14.1,6.8,8.3,1.5,0.0,17.4,8.0,,0.0,0.0,0.1,.097,,-2.5,-0.1,-2.6,0.0
99,Darren Collison\collida01,PG,30,IND,44,1326,18.7,.620,.318,.238,2.2,8.0,5.1,25.2,2.0,0.5,11.1,17.3,,4.0,0.9,4.9,.178,,3.5,-1.4,2.1,1.4
100,Nick Collison\collini01,PF,37,OKC,8,44,14.5,.838,.000,.667,7.5,21.1,14.1,9.8,0.0,0.0,20.5,9.7,,0.1,0.0,0.2,.180,,-0.8,-1.7,-2.5,0.0
101,Mike Conley\conlemi01,PG,30,MEM,12,373,16.0,.520,.458,.393,0.0,8.5,4.2,22.8,1.6,0.7,8.4,26.4,,0.5,0.2,0.7,.087,,1.3,-3.3,-2.0,0.0
102,Pat Connaughton\connapa01,SG,25,POR,45,892,10.7,.580,.561,.130,1.8,10.5,6.2,9.0,0.5,1.3,9.7,13.8,,1.1,0.7,1.8,.098,,-0.3,-0.6,-0.9,0.2
103,Quinn Cook\cookqu01,PG,24,GSW,10,103,10.2,.543,.483,.034,2.4,8.9,5.9,20.0,0.0,0.0,9.2,13.7,,0.2,0.0,0.2,.097,,-0.4,-3.9,-4.3,-0.1
104,Charles Cooke\cookech01,SG,23,NOP,6,18,1.3,.338,.500,.250,0.0,0.0,0.0,7.5,2.7,0.0,10.1,24.1,,-0.1,0.0,-0.1,-0.180,,-9.0,-6.1,-15.1,-0.1
105,Jack Cooley\cooleja01,PF,26,SAC,1,2,49.0,.532,.000,2.000,0.0,59.8,28.8,63.0,0.0,0.0,0.0,42.2,,0.0,0.0,0.0,.530,,12.7,5.6,18.3,0.0
106,Matt Costello\costema01,C,24,SAS,3,18,3.4,.333,.000,.000,6.2,36.9,21.6,0.0,0.0,9.3,25.0,10.0,,0.0,0.0,0.0,.020,,-12.4,1.6,-10.8,0.0
107,DeMarcus Cousins\couside01,C,27,NOP,44,1587,22.8,.581,.338,.445,7.1,31.5,19.8,23.1,2.1,3.6,18.7,32.5,,1.7,2.6,4.2,.128,,1.7,3.1,4.8,2.7
108,Robert Covington\covinro01,PF,27,PHI,39,1266,12.7,.570,.656,.172,2.8,16.3,9.8,8.4,2.5,1.8,14.1,17.7,,0.7,2.0,2.7,.102,,0.3,1.5,1.8,1.2
109,Allen Crabbe\crabbal01,SG,25,BRK,41,1193,10.9,.542,.656,.193,1.4,14.6,7.9,9.2,1.1,0.8,10.1,18.1,,0.6,1.0,1.6,.066,,-0.2,-0.5,-0.7,0.4
110,Torrey Craig\craigto01,SF,27,DEN,15,225,8.6,.548,.600,.475,3.4,15.1,9.2,7.2,1.5,1.1,14.2,10.9,,0.2,0.2,0.4,.076,,-2.0,-0.2,-2.2,0.0
111,Jamal Crawford\crawfja01,SG,37,MIN,47,880,13.8,.517,.419,.178,0.9,6.0,3.4,19.4,1.4,0.6,10.8,24.4,,0.7,0.3,1.0,.055,,0.1,-4.0,-4.0,-0.4
112,Jordan Crawford\crawfjo02,SG,29,NOP,2,37,16.1,.643,.357,.000,6.3,2.9,4.6,36.6,0.0,2.2,22.2,21.3,,0.1,0.0,0.1,.125,,1.5,-5.0,-3.6,0.0
113,Jae Crowder\crowdja01,SF,27,CLE,44,1119,10.0,.530,.508,.230,3.8,10.5,7.2,6.0,1.6,0.8,9.3,15.3,,0.7,0.5,1.2,.052,,-0.8,-1.3,-2.1,0.0
114,Dante Cunningham\cunnida01,SF,30,NOP,43,948,8.6,.523,.497,.166,5.2,14.0,9.8,3.2,1.1,1.3,5.6,9.8,,0.7,0.6,1.2,.062,,-1.5,-0.4,-1.9,0.0
115,Stephen Curry\curryst01,PG,29,GSW,31,1014,29.3,.675,.561,.382,2.3,14.6,9.0,31.0,2.4,0.3,12.5,31.3,,5.0,1.3,6.2,.295,,10.3,-1.2,9.1,2.9
116,Troy Daniels\danietr01,SG,26,PHO,45,846,10.5,.607,.802,.121,0.5,6.3,3.3,4.5,0.6,0.2,9.0,17.2,,1.1,-0.1,1.1,.060,,1.5,-4.1,-2.6,-0.1
117,Anthony Davis\davisan02,PF,24,NOP,38,1370,28.8,.636,.113,.455,8.5,23.6,16.4,10.9,1.5,4.8,8.5,27.9,,5.4,1.8,7.2,.251,,3.6,1.2,4.7,2.3
118,Deyonta Davis\davisde01,C,21,MEM,30,351,17.3,.651,.000,.250,8.6,22.7,15.6,6.3,1.0,5.8,14.3,15.5,,0.7,0.5,1.1,.153,,-2.0,1.8,-0.2,0.2
119,Ed Davis\davised01,C,28,POR,45,820,14.6,.572,.000,.399,14.3,26.1,20.3,3.2,1.3,2.8,16.1,12.6,,1.1,1.3,2.5,.146,,-2.2,1.4,-0.8,0.2
120,Dewayne Dedmon\dedmode01,C,28,ATL,25,594,17.5,.627,.218,.197,9.3,28.4,18.8,9.6,0.9,3.0,15.3,18.3,,1.0,0.6,1.6,.133,,-0.2,0.7,0.5,0.4
121,Sam Dekker\dekkesa01,PF,23,LAC,40,595,11.1,.504,.296,.207,5.0,15.3,10.2,6.2,1.7,1.0,10.1,15.9,,0.2,0.5,0.7,.059,,-2.4,-0.4,-2.8,-0.1
122,Malcolm Delaney\delanma01,PG,28,ATL,36,690,10.0,.520,.429,.314,1.0,10.5,5.7,18.4,1.6,0.3,14.5,16.2,,0.4,0.3,0.7,.046,,-1.8,-1.8,-3.6,-0.3
123,Matthew Dellavedova\dellama01,PG,27,MIL,29,531,9.1,.502,.480,.138,2.9,7.3,5.1,28.7,0.8,0.2,22.6,14.5,,0.2,0.1,0.3,.028,,-2.0,-4.1,-6.1,-0.5
124,Luol Deng\denglu01,SF,32,LAL,1,13,5.6,.500,.000,.000,0.0,0.0,0.0,10.2,3.6,0.0,33.3,9.7,,0.0,0.0,0.0,-0.019,,-7.4,-1.6,-9.0,0.0
125,DeMar DeRozan\derozde01,SG,28,TOR,43,1490,23.5,.577,.173,.420,2.7,10.6,6.7,24.3,1.6,0.7,9.6,30.2,,4.8,1.5,6.3,.202,,4.0,-0.9,3.1,1.9
126,Cheick Diallo\diallch01,PF,21,NOP,22,147,12.3,.586,.000,.356,8.8,25.0,17.2,5.0,0.3,0.6,13.3,17.9,,0.2,0.1,0.3,.090,,-3.8,-2.9,-6.8,-0.2
127,Gorgui Dieng\dienggo01,C,28,MIN,44,801,15.4,.556,.178,.307,9.1,21.8,15.3,8.7,1.9,2.1,13.0,16.3,,1.1,0.9,2.0,.121,,-0.4,0.8,0.3,0.5
128,Spencer Dinwiddie\dinwisp01,PG,24,BRK,44,1242,17.0,.524,.516,.286,2.1,10.2,6.1,36.8,1.4,1.0,10.1,21.1,,2.7,1.0,3.7,.143,,3.0,-1.3,1.7,1.2
129,Tyler Dorsey\dorsety01,SG,21,ATL,18,136,7.0,.450,.615,.154,2.5,14.4,8.4,8.6,0.7,0.6,9.8,19.9,,-0.1,0.0,-0.1,-0.025,,-3.7,-3.5,-7.2,-0.2
130,Damyean Dotson\dotsoda01,SG,23,NYK,20,175,9.5,.516,.431,.059,2.6,14.4,8.7,7.4,0.9,0.5,7.1,14.2,,0.1,0.1,0.2,.061,,-1.6,-1.7,-3.2,-0.1
131,Milton Doyle\doylemi01,SG,24,BRK,6,63,4.6,.342,.520,.120,3.3,11.9,7.5,9.4,1.5,1.2,7.1,19.2,,-0.2,0.1,-0.1,-0.073,,-5.9,-1.2,-7.1,-0.1
132,Goran Dragic\dragigo01,PG,31,MIA,41,1315,16.1,.529,.289,.254,2.5,12.6,7.6,26.5,1.4,0.5,13.3,26.8,,1.0,1.2,2.2,.082,,0.6,-0.9,-0.3,0.6
133,Andre Drummond\drumman01,C,24,DET,41,1347,23.5,.570,.007,.438,16.4,35.6,25.7,18.2,2.4,3.3,17.9,21.0,,2.8,2.9,5.7,.201,,1.3,5.6,6.9,3.1
134,Jared Dudley\dudleja01,PF,32,PHO,19,230,10.5,.564,.651,.256,3.2,14.6,8.8,17.4,1.7,0.7,14.3,10.3,,0.3,0.1,0.4,.092,,-0.3,-0.5,-0.7,0.1
135,Kris Dunn\dunnkr01,PG,23,CHI,40,1185,15.2,.483,.191,.139,1.9,15.2,8.4,35.2,3.4,1.3,17.2,25.4,,-0.7,1.6,0.8,.033,,-1.2,1.7,0.5,0.7
136,Kevin Durant\duranke01,PF,29,GSW,38,1320,25.4,.629,.336,.297,1.9,18.8,11.1,24.4,1.2,4.6,13.1,30.1,,3.9,1.9,5.8,.210,,4.3,1.2,5.6,2.5
137,Henry Ellenson\ellenhe01,PF,21,DET,17,119,9.4,.463,.404,.053,2.8,31.3,16.6,8.1,1.3,0.0,13.4,25.1,,-0.2,0.2,-0.1,-0.027,,-6.1,-2.0,-8.1,-0.2
138,Wayne Ellington\ellinwa01,SG,30,MIA,44,1104,13.8,.608,.848,.112,1.4,11.9,6.7,6.4,1.2,0.4,6.2,17.3,,1.8,0.9,2.7,.118,,2.6,-1.9,0.7,0.8
139,Joel Embiid\embiijo01,C,23,PHI,32,1006,23.3,.582,.181,.480,7.9,29.1,18.9,19.8,0.9,5.1,16.8,33.1,,1.4,1.8,3.3,.156,,0.5,2.7,3.2,1.3
140,James Ennis\ennisja01,SF,27,MEM,41,968,12.3,.625,.385,.345,5.6,11.5,8.5,7.0,1.4,1.0,13.2,12.5,,1.5,0.6,2.2,.108,,0.0,-0.3,-0.3,0.4
141,Tyler Ennis\ennisty01,PG,23,LAL,25,273,10.4,.437,.289,.156,2.7,11.4,7.0,24.4,1.7,1.5,11.1,16.6,,0.0,0.3,0.3,.053,,-3.2,-0.7,-3.9,-0.1
142,Jawun Evans\evansja01,PG,21,LAC,37,682,7.5,.419,.206,.193,1.3,10.9,6.1,18.9,2.2,0.7,14.2,18.8,,-0.8,0.6,-0.1,-0.010,,-4.4,-0.3,-4.8,-0.5
143,Tyreke Evans\evansty01,PG,28,MEM,42,1305,22.5,.571,.345,.244,3.2,16.2,9.7,30.7,1.8,1.0,10.4,28.4,,3.2,1.2,4.3,.160,,5.1,-0.5,4.6,2.2
144,Kenneth Faried\farieke01,PF,28,DEN,30,446,18.1,.566,.007,.348,15.9,20.5,18.2,6.2,1.3,2.3,12.4,18.0,,0.9,0.5,1.4,.149,,-0.8,-0.5,-1.4,0.1
145,Derrick Favors\favorde01,C,26,UTA,41,1156,18.9,.592,.055,.314,9.9,18.7,14.2,8.8,1.3,3.2,10.9,19.1,,2.4,1.3,3.7,.154,,0.2,1.4,1.7,1.1
146,Kay Felder\feldeka01,PG,22,CHI,14,134,3.8,.386,.273,.182,0.8,10.8,5.6,22.8,1.1,0.6,17.4,28.3,,-0.5,0.1,-0.5,-0.164,,-8.2,-3.2,-11.4,-0.3
147,Cristiano Felicio\feliccr01,C,25,CHI,25,339,10.8,.631,.000,.444,8.0,13.8,10.8,6.8,0.6,1.3,17.5,11.8,,0.4,0.2,0.6,.088,,-2.6,-0.2,-2.8,-0.1
148,Raymond Felton\feltora01,PG,33,OKC,45,771,13.5,.495,.372,.086,2.0,11.3,6.5,22.9,1.8,0.7,11.3,20.1,,0.6,0.8,1.5,.091,,-1.1,-1.7,-2.8,-0.2
149,Terrance Ferguson\fergute01,SG,19,OKC,30,354,5.2,.470,.654,.025,2.8,3.6,3.2,3.1,2.0,0.8,7.9,10.9,,0.0,0.3,0.3,.046,,-2.7,-1.0,-3.7,-0.2
150,Yogi Ferrell\ferreyo01,SG,24,DAL,45,1295,11.5,.571,.493,.173,1.6,12.5,6.9,12.4,1.3,0.3,11.2,16.1,,1.1,0.9,2.0,.075,,0.0,-0.3,-0.3,0.6
151,Dorian Finney-Smith\finnedo01,PF,24,DAL,8,94,5.4,.568,.636,.091,5.8,6.2,6.0,7.8,0.0,1.0,23.4,14.6,,0.0,0.0,0.0,-0.003,,-2.8,-2.0,-4.8,-0.1
152,Bryn Forbes\forbebr01,SG,24,SAS,46,957,8.6,.516,.468,.095,1.2,6.2,3.7,7.3,1.0,0.2,7.1,16.7,,0.2,0.9,1.2,.060,,-1.2,-1.6,-2.9,-0.2
153,Evan Fournier\fournev01,SF,25,ORL,37,1206,15.6,.579,.392,.218,1.7,9.3,5.5,14.4,1.4,0.8,11.3,23.3,,1.5,0.4,2.0,.079,,1.6,-1.9,-0.4,0.5
154,De'Aaron Fox\foxde01,PG,20,SAC,37,987,10.0,.464,.167,.251,1.8,9.8,5.7,24.7,1.9,0.9,18.1,22.6,,-1.2,0.3,-0.8,-0.040,,-3.6,-1.7,-5.3,-0.8
155,Tim Frazier\fraziti01,PG,27,WAS,34,519,10.5,.491,.343,.171,1.9,12.3,7.2,29.6,2.6,0.5,26.2,12.9,,0.1,0.6,0.7,.068,,-2.6,0.2,-2.3,0.0
156,Channing Frye\fryech01,C,34,CLE,36,412,13.1,.601,.508,.058,1.9,19.0,10.6,8.3,1.3,1.7,8.2,14.5,,0.6,0.3,0.9,.100,,-0.7,-1.0,-1.7,0.0
157,Markelle Fultz\fultzma01,SG,19,PHI,4,76,3.7,.372,.000,.444,4.4,8.2,6.4,13.0,1.3,1.1,15.7,21.3,,-0.2,0.1,-0.1,-0.085,,-8.6,-1.3,-9.9,-0.2
158,Danilo Gallinari\gallida01,SF,29,LAC,11,349,10.3,.475,.446,.259,0.6,14.4,7.6,11.9,1.1,0.5,9.4,21.3,,0.0,0.2,0.2,.027,,-2.1,-1.6,-3.7,-0.1
159,Langston Galloway\gallola01,SG,26,DET,35,521,13.7,.536,.680,.128,1.7,11.4,6.4,7.3,2.1,0.7,4.5,19.1,,0.6,0.6,1.2,.109,,0.8,-1.3,-0.5,0.2
160,Marc Gasol\gasolma01,C,33,MEM,42,1454,17.7,.528,.277,.346,4.4,24.5,14.4,20.2,1.1,4.0,14.4,26.9,,0.7,1.8,2.5,.083,,-0.6,1.8,1.2,1.2
161,Pau Gasol\gasolpa01,C,37,SAS,44,1099,19.0,.554,.229,.278,6.7,29.6,18.2,20.5,0.6,3.5,13.3,19.7,,1.8,2.1,3.9,.170,,0.3,3.3,3.6,1.6
162,Rudy Gay\gayru01,PF,31,SAS,34,771,17.6,.557,.223,.301,6.7,18.7,12.7,10.9,1.8,2.4,13.4,23.6,,0.7,1.4,2.1,.131,,-0.4,1.2,0.8,0.5
163,Paul George\georgpa01,SF,27,OKC,42,1531,17.7,.565,.446,.257,2.6,14.8,8.5,13.4,3.1,1.7,13.8,25.0,,1.9,2.5,4.4,.137,,1.6,0.7,2.3,1.7
164,Marcus Georges-Hunt\georgma01,SG,23,MIN,26,100,7.7,.551,.333,.381,3.5,3.5,3.5,4.1,2.0,0.0,7.5,11.8,,0.1,0.0,0.1,.058,,-1.2,-2.2,-3.3,0.0
165,Taj Gibson\gibsota01,PF,32,MIN,47,1578,15.8,.613,.070,.264,8.8,17.8,13.3,5.9,1.2,1.9,10.5,14.5,,3.3,1.2,4.5,.138,,1.1,0.5,1.7,1.5
166,Manu Ginobili\ginobma01,SG,40,SAS,37,759,13.6,.567,.429,.252,1.8,10.2,6.0,18.2,1.7,1.3,17.1,21.2,,0.5,1.1,1.5,.096,,-0.2,-0.2,-0.4,0.3
167,Rudy Gobert\goberru01,C,25,UTA,18,539,19.2,.638,.000,.646,9.8,27.4,18.4,6.2,0.9,6.8,17.7,16.8,,0.9,0.9,1.8,.161,,-2.0,3.6,1.6,0.5
168,Aaron Gordon\gordoaa01,PF,22,ORL,36,1212,17.6,.561,.400,.283,5.0,21.3,13.1,9.8,1.3,1.7,9.8,23.7,,1.5,0.9,2.4,.096,,1.0,-0.6,0.4,0.7
169,Eric Gordon\gordoer01,SG,29,HOU,41,1343,15.4,.571,.617,.263,1.3,6.8,4.0,13.1,1.0,1.0,11.6,26.1,,1.8,0.8,2.7,.096,,1.4,-3.2,-1.8,0.1
170,Marcin Gortat\gortama01,C,33,WAS,45,1222,15.2,.558,.000,.334,9.2,24.5,16.9,9.6,1.1,2.5,13.1,15.0,,1.6,1.6,3.2,.127,,-1.3,2.2,0.9,0.9
171,Treveon Graham\grahatr01,SG,24,CHO,30,509,10.1,.567,.407,.252,4.4,10.4,7.3,9.2,1.2,0.2,11.6,13.1,,0.6,0.4,1.0,.094,,-0.5,-0.1,-0.7,0.2
172,Jerami Grant\grantje01,PF,23,OKC,44,909,13.7,.566,.252,.408,5.8,15.2,10.4,5.2,1.2,4.2,10.8,15.1,,1.2,1.2,2.4,.127,,-1.9,0.9,-1.0,0.2
173,Jerian Grant\grantje02,PG,25,CHI,45,954,14.0,.508,.371,.344,1.9,9.8,5.7,31.8,1.6,0.4,13.1,17.9,,1.2,0.6,1.8,.089,,-0.5,-1.9,-2.4,-0.1
174,Danny Green\greenda02,SG,30,SAS,35,929,12.1,.535,.560,.079,1.8,12.6,7.2,9.8,2.1,3.4,13.3,16.1,,0.1,1.6,1.8,.091,,-0.7,2.5,1.8,0.9
175,Draymond Green\greendr01,PF,27,GSW,39,1260,17.1,.563,.445,.298,4.4,21.4,13.6,30.2,1.9,3.1,21.8,17.0,,2.1,2.0,4.1,.155,,1.3,2.8,4.1,1.9
176,Gerald Green\greenge01,SG,32,HOU,10,267,16.4,.610,.689,.168,2.1,11.5,6.8,5.4,1.3,1.0,7.3,22.3,,0.6,0.2,0.8,.138,,2.1,-3.0,-0.9,0.1
177,JaMychal Green\greenja01,PF,27,MEM,28,754,13.8,.550,.266,.249,10.5,20.0,15.2,7.9,1.2,1.0,14.6,18.7,,0.6,0.7,1.3,.081,,-1.0,-0.6,-1.6,0.1
178,Jeff Green\greenje02,PF,31,CLE,44,998,16.3,.590,.244,.397,4.7,12.4,8.6,9.2,1.3,1.4,9.5,20.1,,2.1,0.5,2.5,.121,,0.1,-1.7,-1.5,0.1
179,Blake Griffin\griffbl01,PF,28,LAC,28,956,20.4,.547,.316,.394,5.1,19.9,12.6,26.3,1.2,0.8,13.5,30.0,,1.7,0.9,2.5,.127,,2.9,0.0,2.9,1.2
180,Daniel Hamilton\hamilda02,SG,22,OKC,2,9,47.5,.700,.400,.000,0.0,12.9,6.3,93.1,5.6,0.0,0.0,24.2,,0.1,0.0,0.1,.668,,19.5,-2.4,17.1,0.0
181,Tim Hardaway\hardati02,SG,25,NYK,24,799,16.4,.544,.496,.249,2.6,11.2,7.0,14.9,1.8,0.6,9.2,24.0,,1.2,0.7,1.8,.109,,3.0,-1.4,1.6,0.7
182,James Harden\hardeja01,SG,28,HOU,36,1297,30.1,.621,.499,.491,1.6,14.0,7.7,45.0,2.4,1.4,14.5,35.8,,6.4,1.6,8.0,.295,,9.9,0.1,10.0,3.9
183,Maurice Harkless\harklma01,SF,24,POR,37,757,9.9,.529,.358,.197,3.7,11.0,7.4,4.7,1.7,3.2,13.4,12.6,,0.2,1.0,1.2,.074,,-2.4,2.1,-0.3,0.3
184,Montrezl Harrell\harremo01,C,24,LAC,38,563,21.9,.612,.005,.417,9.8,18.7,14.3,8.6,1.2,3.7,11.0,22.4,,1.4,0.6,2.0,.170,,0.2,0.3,0.5,0.4
185,Devin Harris\harride01,PG,34,DAL,39,724,13.7,.556,.441,.410,1.2,10.8,5.8,16.1,2.2,0.9,12.7,21.9,,0.6,0.7,1.3,.086,,-0.3,-0.8,-1.1,0.2
186,Gary Harris\harriga01,SG,23,DEN,41,1429,17.3,.604,.436,.166,1.9,6.9,4.4,14.8,2.8,0.8,11.8,20.1,,2.7,1.3,4.0,.136,,2.8,-0.6,2.1,1.5
187,Joe Harris\harrijo01,SG,26,BRK,43,1070,12.4,.608,.624,.144,2.3,11.2,6.7,8.7,1.0,0.6,10.4,16.1,,1.4,0.7,2.2,.097,,0.9,-0.8,0.1,0.6
188,Tobias Harris\harrito02,PF,25,DET,43,1397,17.7,.575,.394,.198,2.7,15.8,9.0,9.9,1.1,0.9,6.2,22.9,,2.8,1.4,4.3,.146,,2.1,-0.9,1.2,1.1
189,Andrew Harrison\harrian01,PG,23,MEM,36,760,11.1,.501,.345,.413,2.4,10.0,6.2,17.8,1.8,1.8,13.7,18.4,,0.2,0.6,0.8,.050,,-2.0,-0.6,-2.6,-0.1
190,Josh Hart\hartjo01,SG,22,LAL,39,737,10.7,.558,.519,.215,2.4,14.9,8.6,7.1,1.9,0.9,8.7,12.4,,0.7,0.8,1.4,.094,,-1.5,0.3,-1.2,0.2
191,Udonis Haslem\hasleud01,C,37,MIA,8,45,4.9,.500,.600,.000,5.1,7.6,6.4,9.1,0.0,1.9,28.6,7.1,,0.0,0.0,0.0,.022,,-4.1,-0.3,-4.4,0.0
192,Gordon Hayward\haywago01,SF,27,BOS,1,5,7.5,.500,.500,.000,0.0,21.4,10.9,0.0,0.0,0.0,0.0,17.9,,0.0,0.0,0.0,.065,,-5.8,-5.8,-11.6,0.0
193,John Henson\hensojo01,C,27,MIL,43,1068,15.6,.594,.015,.332,9.1,23.9,16.5,7.6,0.9,5.3,15.9,15.6,,1.3,1.1,2.4,.108,,-1.9,1.7,-0.3,0.5
194,Juan Hernangomez\hernaju01,PF,22,DEN,18,213,9.5,.519,.686,.216,7.3,14.9,11.0,5.1,0.9,1.2,11.1,12.8,,0.2,0.2,0.3,.074,,-1.4,-1.6,-3.0,-0.1
195,Willy Hernangomez\hernawi01,C,23,NYK,19,177,16.5,.567,.060,.299,13.0,22.3,17.8,13.0,1.7,3.0,21.7,24.1,,0.0,0.2,0.2,.062,,-1.6,1.1,-0.5,0.1
196,Mario Hezonja\hezonma01,SF,22,ORL,38,665,11.4,.544,.443,.111,3.1,16.1,9.5,8.4,1.8,0.8,13.4,18.6,,0.0,0.5,0.5,.035,,-1.8,-0.9,-2.7,-0.1
197,Buddy Hield\hieldbu01,SG,24,SAC,42,1006,14.9,.549,.429,.097,2.5,14.8,8.4,11.7,1.9,0.8,11.3,23.7,,0.5,0.4,1.0,.046,,0.5,-2.2,-1.7,0.1
198,Nene Hilario\hilarne01,C,35,HOU,28,423,17.9,.630,.014,.426,6.9,19.1,13.0,9.6,1.8,1.8,13.0,19.7,,1.0,0.5,1.5,.170,,-1.0,0.3,-0.7,0.1
199,George Hill\hillge01,PG,31,SAC,37,1008,14.0,.588,.390,.288,2.2,10.7,6.3,15.2,1.8,1.1,14.1,17.1,,1.3,0.3,1.6,.076,,0.6,-1.1,-0.6,0.4
200,Darrun Hilliard\hillida01,SG,24,SAS,6,50,-3.6,.152,.333,.222,0.0,8.9,4.4,10.3,2.0,0.0,23.3,11.6,,-0.2,0.1,-0.1,-0.132,,-9.9,0.7,-9.2,-0.1
201,Jrue Holiday\holidjr01,SG,27,NOP,44,1624,16.6,.582,.338,.188,1.9,11.0,6.6,21.1,1.9,1.4,14.4,22.1,,2.1,1.2,3.3,.098,,1.4,-0.4,1.0,1.2
202,Justin Holiday\holidju01,SG,28,CHI,44,1505,12.1,.529,.554,.220,1.9,13.0,7.3,9.9,1.5,1.6,9.1,18.2,,0.7,1.2,1.9,.061,,-0.2,0.1,-0.2,0.7
203,John Holland\hollajo02,SF,29,CLE,4,17,-1.2,.375,.500,.000,0.0,13.0,6.6,0.0,0.0,0.0,20.0,13.1,,0.0,0.0,0.0,-0.140,,-9.5,-5.1,-14.6,-0.1
204,Rondae Hollis-Jefferson\holliro01,SF,23,BRK,42,1197,17.4,.554,.077,.433,5.6,19.1,12.3,12.9,1.5,1.8,11.6,22.4,,1.6,1.4,3.0,.120,,-1.1,1.3,0.1,0.6
205,Richaun Holmes\holmeri01,C,24,PHI,22,361,15.3,.562,.154,.195,8.0,22.8,15.7,10.7,1.2,2.3,9.5,17.3,,0.6,0.5,1.1,.145,,-1.3,0.8,-0.4,0.1
206,Rodney Hood\hoodro01,SG,25,UTA,35,988,14.7,.536,.486,.172,1.4,10.6,5.9,10.8,1.4,0.5,9.6,27.9,,0.2,0.7,0.9,.046,,0.3,-3.0,-2.7,-0.2
207,Al Horford\horfoal01,C,31,BOS,42,1373,18.9,.602,.320,.158,4.9,20.7,12.9,26.1,0.9,2.7,15.2,18.0,,2.9,2.6,5.5,.192,,1.9,3.2,5.1,2.5
208,Danuel House\houseda01,SG,24,PHO,11,142,9.6,.495,.442,.395,3.7,13.8,8.7,6.1,1.4,0.0,9.0,16.5,,0.1,0.0,0.1,.037,,-2.3,-2.5,-4.8,-0.1
209,Dwight Howard\howardw01,C,32,CHO,43,1303,18.4,.554,.004,.724,12.1,32.0,21.9,7.6,1.1,4.0,18.1,24.4,,0.5,2.3,2.7,.101,,-2.9,2.3,-0.5,0.5
210,Josh Huestis\huestjo01,PF,26,OKC,39,574,6.4,.455,.663,.106,4.2,14.0,8.9,3.0,1.1,4.6,14.2,9.6,,-0.2,0.8,0.5,.045,,-4.2,1.5,-2.7,-0.1
211,R.J. Hunter\hunterj01,SG,24,HOU,2,2,38.7,,,,0.0,57.0,28.3,100.0,0.0,0.0,,0.0,,0.0,0.0,0.0,.573,,-2.3,-3.8,-6.0,0.0
212,Vince Hunter\huntevi01,PF,23,MEM,4,7,36.9,.600,.000,.000,33.2,16.7,25.0,0.0,0.0,13.1,16.7,39.2,,0.0,0.0,0.0,.115,,-3.1,-6.0,-9.0,0.0
213,Serge Ibaka\ibakase01,PF,28,TOR,38,1062,15.3,.570,.363,.150,4.1,20.1,12.2,3.8,0.7,4.4,9.0,20.0,,1.2,1.5,2.7,.120,,-0.8,0.5,-0.3,0.5
214,Andre Iguodala\iguodan01,SF,34,GSW,39,1009,10.4,.494,.357,.281,4.0,11.7,8.2,16.1,1.6,1.8,15.5,11.4,,0.8,1.0,1.8,.086,,-0.9,1.0,0.1,0.5
215,Ersan Ilyasova\ilyaser01,PF,30,ATL,33,859,16.0,.570,.416,.208,8.4,17.2,12.8,7.5,1.8,1.1,9.1,18.6,,1.4,0.7,2.1,.116,,1.2,-0.7,0.5,0.5
216,Joe Ingles\inglejo01,SF,30,UTA,44,1345,12.3,.590,.684,.070,1.1,15.4,8.1,21.1,1.7,0.5,18.1,14.6,,1.3,1.2,2.5,.089,,0.8,0.3,1.1,1.1
217,Brandon Ingram\ingrabr01,SF,20,LAL,41,1393,12.6,.525,.127,.392,3.1,13.6,8.3,15.1,1.1,1.7,14.7,21.9,,0.2,1.2,1.4,.049,,-2.4,0.1,-2.3,-0.1
218,Kyrie Irving\irvinky01,PG,25,BOS,43,1407,23.6,.586,.359,.238,2.1,9.8,6.0,29.6,1.9,0.8,10.6,31.5,,3.8,2.2,6.0,.205,,5.8,-0.3,5.5,2.7
219,Jonathan Isaac\isaacjo01,PF,20,ORL,15,284,9.6,.482,.243,.243,4.6,17.1,10.8,5.4,1.7,4.1,15.5,14.8,,-0.2,0.3,0.1,.017,,-4.6,1.7,-3.0,-0.1
220,Wesley Iwundu\iwundwe01,SF,23,ORL,27,365,9.7,.503,.195,.195,3.6,12.4,7.9,11.2,1.3,0.4,8.7,12.3,,0.2,0.1,0.4,.049,,-2.6,-0.7,-3.3,-0.1
221,Jarrett Jack\jackja01,PG,34,NYK,43,1153,11.9,.494,.168,.161,1.5,12.8,7.3,32.5,1.3,0.2,20.3,16.5,,0.5,0.8,1.3,.054,,-1.4,-1.0,-2.4,-0.1
222,Demetrius Jackson\jacksde01,PG,23,HOU,12,63,-0.6,.286,.429,.000,7.1,12.7,9.9,10.5,3.1,1.4,41.7,16.5,,-0.3,0.1,-0.2,-0.166,,-9.8,2.0,-7.8,-0.1
223,Josh Jackson\jacksjo02,SF,20,PHO,43,951,8.7,.452,.266,.318,5.1,12.9,8.9,9.1,2.0,1.2,13.9,23.7,,-1.4,0.6,-0.9,-0.044,,-4.1,-1.3,-5.3,-0.8
224,Justin Jackson\jacksju01,SF,22,SAC,30,510,7.1,.467,.471,.084,2.0,10.1,5.9,6.1,1.2,0.9,9.6,15.7,,-0.3,0.1,-0.2,-0.023,,-3.3,-2.4,-5.7,-0.5
225,Reggie Jackson\jacksre01,PG,27,DET,33,894,16.7,.540,.305,.232,2.7,9.3,5.9,33.4,1.2,0.3,15.5,26.3,,1.1,0.7,1.8,.099,,1.5,-1.9,-0.4,0.4
226,LeBron James\jamesle01,PF,33,CLE,44,1621,29.2,.634,.261,.322,3.7,20.2,12.1,43.9,2.3,2.6,17.0,30.9,,6.0,1.7,7.7,.229,,7.7,2.2,9.9,4.9
227,Mike James\jamesmi02,PG,27,PHO,32,669,14.4,.476,.311,.269,1.9,12.5,7.1,29.0,1.9,0.8,12.3,25.1,,0.1,0.3,0.4,.031,,-0.4,-1.7,-2.1,0.0
228,Al Jefferson\jeffeal01,C,33,IND,18,250,19.3,.568,.010,.172,7.4,29.0,18.4,9.4,1.8,3.8,11.6,21.5,,0.3,0.4,0.7,.139,,-2.2,1.2,-1.0,0.1
229,Richard Jefferson\jefferi01,SF,37,DEN,14,118,4.1,.436,.286,.333,1.9,10.5,6.2,9.0,0.4,0.0,14.2,10.3,,0.0,0.0,0.0,-0.001,,-5.1,-2.0,-7.1,-0.2
230,Jonas Jerebko\jerebjo01,PF,30,UTA,36,615,14.0,.602,.455,.157,6.2,17.8,11.9,6.4,1.4,0.7,7.8,15.3,,1.1,0.6,1.7,.134,,0.5,-0.7,-0.3,0.3
231,Amir Johnson\johnsam01,C,30,PHI,38,588,15.3,.562,.104,.313,13.1,19.8,16.6,12.8,2.1,3.7,16.8,14.1,,0.8,1.0,1.9,.153,,-0.6,3.4,2.8,0.7
232,Brice Johnson\johnsbr02,PF,23,LAC,9,38,21.7,.673,.091,.182,5.8,31.7,18.9,4.2,7.7,4.4,25.2,18.1,,0.0,0.1,0.1,.178,,-2.7,6.6,4.0,0.1
233,Dakari Johnson\johnsda04,C,22,OKC,20,125,16.5,.559,.000,.400,9.6,13.0,11.3,9.7,2.0,4.5,8.9,15.7,,0.2,0.2,0.4,.170,,-1.4,1.6,0.2,0.1
234,James Johnson\johnsja01,PF,30,MIA,36,959,14.9,.556,.321,.284,3.5,18.2,10.9,23.9,1.8,2.2,18.6,19.4,,0.7,1.3,2.0,.102,,-0.5,1.9,1.4,0.8
235,Joe Johnson\johnsjo02,SF,36,UTA,23,506,8.7,.480,.360,.124,2.0,15.9,8.8,10.8,1.0,0.7,12.8,17.6,,-0.3,0.4,0.0,.005,,-3.7,-0.7,-4.4,-0.3
236,Stanley Johnson\johnsst04,SF,21,DET,32,881,7.9,.467,.491,.259,1.9,13.8,7.6,7.3,2.3,0.5,9.8,13.9,,-0.2,1.1,0.9,.051,,-2.4,1.3,-1.2,0.2
237,Tyler Johnson\johnsty01,PG,25,MIA,40,1174,13.1,.549,.460,.200,2.1,12.0,7.1,11.6,1.3,1.8,10.0,19.0,,1.1,1.2,2.2,.091,,-0.1,-0.1,-0.2,0.5
238,Wesley Johnson\johnswe01,SF,30,LAC,39,933,10.1,.521,.494,.194,2.3,14.6,8.4,5.7,2.3,3.6,13.7,13.9,,0.0,1.2,1.2,.060,,-2.0,2.4,0.4,0.6
239,Nikola Jokic\jokicni01,C,22,DEN,38,1175,22.9,.576,.286,.291,9.7,27.4,18.5,25.8,2.1,2.1,15.6,23.4,,3.0,1.7,4.6,.190,,3.5,2.7,6.1,2.4
240,Damian Jones\jonesda03,C,22,GSW,1,2,12.0,,,,61.1,0.0,27.8,0.0,0.0,0.0,,0.0,,0.0,0.0,0.0,.320,,8.3,-6.0,2.3,0.0
241,Derrick Jones\jonesde02,SF,20,TOT,11,125,14.6,.607,.304,.739,6.3,7.2,6.8,6.8,1.2,5.2,6.2,11.6,,0.3,0.1,0.4,.153,,-0.4,1.4,1.0,0.1
241,Derrick Jones\jonesde02,SF,20,PHO,6,33,18.6,.678,.500,1.500,6.4,6.6,6.5,12.3,1.5,9.5,13.1,9.8,,0.1,0.0,0.1,.181,,0.6,3.6,4.2,0.1
241,Derrick Jones\jonesde02,SF,20,MIA,5,92,13.1,.587,.263,.579,6.3,7.5,6.9,4.9,1.1,3.7,4.0,12.3,,0.2,0.1,0.3,.143,,-0.7,0.6,-0.1,0.0
242,Jalen Jones\jonesja04,SF,24,NOP,4,19,5.2,.512,.250,.500,0.0,17.0,8.9,0.0,0.0,0.0,0.0,11.3,,0.0,0.0,0.0,.046,,-6.0,-5.3,-11.3,0.0
243,Tyus Jones\jonesty01,PG,21,MIN,47,871,13.6,.570,.392,.227,1.2,10.0,5.6,19.7,3.4,0.2,14.2,11.8,,1.3,0.9,2.2,.119,,0.6,0.2,0.8,0.6
244,DeAndre Jordan\jordade01,C,29,LAC,41,1317,20.0,.665,.000,.462,15.1,35.7,25.5,5.9,0.7,2.6,15.8,14.2,,3.5,1.9,5.4,.196,,0.6,1.5,2.1,1.4
245,Cory Joseph\josepco01,PG,26,IND,45,1153,11.9,.529,.327,.168,1.6,10.5,6.1,16.7,1.7,0.8,12.2,14.9,,1.0,0.8,1.8,.076,,-0.6,-0.5,-1.0,0.3
246,Frank Kaminsky\kaminfr01,PF,24,CHO,40,927,13.7,.523,.355,.208,2.7,15.3,8.9,10.1,0.9,1.0,7.0,20.8,,0.8,0.9,1.7,.089,,-0.5,-0.7,-1.2,0.2
247,Enes Kanter\kanteen01,C,25,NYK,42,1058,23.9,.638,.005,.227,15.9,28.0,22.1,8.7,1.0,1.9,13.6,21.5,,3.2,1.4,4.6,.208,,2.7,0.2,2.8,1.3
248,Luke Kennard\kennalu01,SG,21,DET,37,653,11.5,.547,.406,.116,1.5,11.6,6.4,10.1,2.1,0.8,13.5,17.1,,0.2,0.8,0.9,.069,,-1.8,0.2,-1.6,0.1
249,Michael Kidd-Gilchrist\kiddgmi01,SF,24,CHO,37,980,14.0,.525,.006,.303,5.2,14.4,9.7,7.3,1.4,2.1,6.4,17.1,,1.0,1.2,2.2,.108,,-1.7,1.4,-0.3,0.4
250,Sean Kilpatrick\kilpase01,SG,28,TOT,24,252,7.4,.459,.509,.202,0.4,19.7,9.9,11.8,0.4,0.3,13.3,24.6,,-0.4,0.2,-0.3,-0.049,,-5.1,-3.3,-8.3,-0.4
250,Sean Kilpatrick\kilpase01,SG,28,BRK,16,183,5.4,.419,.488,.221,0.6,19.9,10.1,12.7,0.5,0.4,14.5,25.7,,-0.5,0.1,-0.4,-0.093,,-6.7,-2.4,-9.1,-0.3
250,Sean Kilpatrick\kilpase01,SG,28,MIL,8,69,12.8,.588,.571,.143,0.0,19.3,9.6,9.3,0.0,0.0,9.2,21.7,,0.1,0.0,0.1,.066,,-0.7,-5.4,-6.2,-0.1
251,Maxi Kleber\klebima01,PF,26,DAL,39,697,12.6,.564,.356,.164,6.7,13.9,10.2,5.2,0.9,3.3,7.8,13.5,,0.9,0.6,1.5,.103,,-1.2,0.9,-0.3,0.3
252,Furkan Korkmaz\korkmfu01,SG,20,PHI,6,32,4.3,.349,.667,.167,7.0,13.0,10.1,8.6,1.5,0.0,7.2,18.3,,0.0,0.0,0.0,-0.021,,-4.4,-2.4,-6.7,0.0
253,Kyle Korver\korveky01,SG,36,CLE,44,972,13.3,.647,.772,.130,0.7,9.3,5.1,8.2,0.8,1.2,9.5,16.4,,1.8,0.2,2.0,.097,,2.2,-2.7,-0.5,0.4
254,Kosta Koufos\koufoko01,C,28,SAC,43,796,15.5,.539,.000,.264,11.0,25.7,18.1,9.4,1.8,2.3,12.8,14.5,,0.9,0.7,1.6,.095,,-1.7,1.1,-0.6,0.3
255,Kyle Kuzma\kuzmaky01,PF,22,LAL,43,1341,14.8,.557,.391,.209,4.8,16.6,10.6,9.8,0.9,1.1,11.5,22.6,,1.2,1.1,2.3,.084,,0.1,-1.2,-1.1,0.3
256,Mindaugas Kuzminskas\kuzmimi01,SF,28,NYK,1,2,-41.6,.000,.000,.000,0.0,0.0,0.0,0.0,0.0,0.0,0.0,44.0,,0.0,0.0,0.0,-1.048,,-36.7,-12.6,-49.3,0.0
257,Skal Labissiere\labissk01,PF,21,SAC,38,655,14.8,.513,.071,.271,9.8,19.5,14.5,6.7,1.2,3.2,12.0,22.2,,0.2,0.4,0.6,.046,,-3.1,-1.2,-4.2,-0.4
258,Jeremy Lamb\lambje01,SG,25,CHO,42,1081,17.9,.558,.291,.291,2.6,16.5,9.5,15.2,1.5,1.3,8.9,23.2,,1.8,1.3,3.1,.138,,1.3,0.3,1.7,1.0
259,Shane Larkin\larkish01,PG,25,BOS,34,382,10.2,.523,.406,.208,1.7,10.1,6.0,14.1,1.6,0.2,10.8,15.2,,0.3,0.6,0.8,.104,,-2.2,-0.1,-2.3,0.0
260,Joffrey Lauvergne\lauvejo01,C,26,SAS,27,284,13.0,.485,.053,.295,12.2,19.9,16.1,13.1,1.2,0.0,15.0,20.1,,0.1,0.4,0.5,.082,,-2.6,0.0,-2.6,0.0
261,Zach LaVine\lavinza01,SG,22,CHI,3,59,19.1,.519,.394,.182,3.5,11.3,7.3,26.9,2.5,0.0,7.8,28.8,,0.1,0.1,0.1,.098,,2.7,-2.3,0.4,0.0
262,Jake Layman\laymaja01,SF,23,POR,19,118,4.0,.358,.441,.059,2.8,8.3,5.6,7.0,1.3,2.1,7.9,14.1,,-0.2,0.1,0.0,-0.020,,-5.3,-0.1,-5.5,-0.1
263,T.J. Leaf\leaftj01,PF,20,IND,36,357,10.3,.541,.299,.065,8.1,11.6,9.9,2.7,0.7,0.5,7.6,14.9,,0.4,0.2,0.5,.069,,-1.4,-3.0,-4.5,-0.2
264,Courtney Lee\leeco01,SG,32,NYK,45,1480,14.2,.570,.354,.164,1.9,9.3,5.7,12.4,1.9,0.5,10.0,17.5,,2.2,1.1,3.3,.107,,1.7,-0.3,1.3,1.2
265,Alex Len\lenal01,C,24,PHO,40,833,19.5,.609,.000,.574,14.1,28.4,21.2,9.0,0.7,3.4,15.2,16.7,,1.9,0.8,2.7,.157,,-0.2,1.0,0.9,0.6
266,Kawhi Leonard\leonaka01,SF,26,SAS,9,210,26.5,.572,.315,.342,3.2,19.0,11.1,18.2,4.3,3.6,11.1,30.9,,0.4,0.5,0.9,.207,,3.0,3.2,6.2,0.4
267,Meyers Leonard\leoname01,C,25,POR,15,146,19.9,.688,.294,.157,4.6,21.7,13.3,10.4,1.0,0.0,6.8,17.6,,0.5,0.2,0.7,.228,,2.5,-1.2,1.3,0.1
268,Jon Leuer\leuerjo01,PF,28,DET,8,136,8.8,.505,.083,.417,5.6,21.4,13.3,5.3,0.4,1.9,15.8,16.5,,0.0,0.1,0.1,.045,,-5.7,-0.2,-5.9,-0.1
269,Caris LeVert\leverca01,SF,23,BRK,43,1156,13.4,.518,.341,.255,3.2,11.9,7.5,25.3,2.2,0.9,17.9,22.5,,0.0,1.2,1.2,.050,,-0.8,0.5,-0.3,0.5
270,DeAndre Liggins\liggide01,SG,29,TOT,32,491,5.3,.434,.529,.074,1.5,10.8,6.1,7.5,2.8,1.8,16.6,7.8,,-0.3,0.4,0.2,.018,,-3.4,1.2,-2.2,0.0
270,DeAndre Liggins\liggide01,SG,29,MIL,31,480,5.0,.424,.554,.077,1.2,11.1,6.1,7.4,2.8,1.8,17.2,7.7,,-0.3,0.4,0.1,.015,,-3.5,1.3,-2.2,0.0
270,DeAndre Liggins\liggide01,SG,29,NOP,1,11,16.0,.667,.000,.000,10.6,0.0,5.1,13.5,0.0,0.0,0.0,12.0,,0.0,0.0,0.0,.171,,2.4,-4.3,-1.8,0.0
271,Damian Lillard\lillada01,PG,27,POR,38,1392,22.8,.572,.421,.342,2.4,12.0,7.3,30.5,1.5,0.9,12.6,30.0,,3.8,1.5,5.3,.182,,5.7,-0.5,5.1,2.5
272,Jeremy Lin\linje01,PG,29,BRK,1,25,16.2,.597,.167,.583,0.0,0.0,0.0,27.4,0.0,0.0,16.6,30.8,,0.1,0.0,0.1,.105,,-2.8,-9.8,-12.7,-0.1
273,Shaun Livingston\livinsh01,PG,32,GSW,39,618,11.2,.543,.011,.196,4.0,7.8,6.0,16.3,1.2,1.4,14.9,16.1,,0.5,0.5,1.0,.080,,-2.2,-1.2,-3.5,-0.2
274,Kevon Looney\looneke01,C,21,GSW,36,393,13.3,.616,.000,.571,11.8,15.6,13.9,5.4,1.1,4.8,17.8,11.8,,0.6,0.5,1.1,.137,,-1.1,1.5,0.4,0.2
275,Brook Lopez\lopezbr01,C,29,LAL,36,777,15.3,.528,.417,.217,5.4,13.8,9.6,12.6,1.1,5.1,12.5,24.9,,0.2,0.9,1.2,.072,,-0.8,0.5,-0.3,0.3
276,Robin Lopez\lopezro01,C,29,CHI,45,1273,15.2,.556,.014,.149,8.3,10.4,9.3,12.3,0.4,2.6,13.3,20.5,,1.2,0.6,1.8,.069,,-1.3,-0.1,-1.4,0.2
277,Kevin Love\loveke01,C,29,CLE,43,1249,23.5,.614,.431,.387,8.2,28.5,18.5,9.7,1.2,1.4,9.6,26.2,,4.0,1.2,5.1,.197,,3.1,-1.8,1.4,1.1
278,Kyle Lowry\lowryky01,PG,31,TOR,40,1317,18.9,.589,.617,.291,3.0,17.9,10.5,29.8,1.9,0.2,16.4,21.7,,3.2,1.7,4.8,.177,,4.7,0.6,5.3,2.4
279,Timothe Luwawu-Cabarrot\luwawti01,SF,22,PHI,37,566,7.2,.503,.565,.257,2.6,8.3,5.5,9.1,0.8,0.4,12.0,18.0,,0.0,0.4,0.4,.036,,-2.5,-2.5,-5.0,-0.4
280,Tyler Lydon\lydonty01,PF,21,DEN,1,2,0.0,,,,0.0,0.0,0.0,0.0,0.0,0.0,,0.0,,0.0,0.0,0.0,-0.004,,-5.9,-0.4,-6.3,0.0
281,Trey Lyles\lylestr01,PF,22,DEN,40,804,18.4,.610,.410,.285,4.7,23.1,13.8,8.1,1.2,1.5,9.3,20.4,,1.8,0.8,2.6,.154,,1.0,-1.3,-0.4,0.3
282,Shelvin Mack\macksh01,PG,27,ORL,32,525,11.5,.477,.288,.331,2.1,11.1,6.6,29.6,1.5,0.6,17.2,13.5,,0.4,0.2,0.6,.057,,-2.3,-1.5,-3.8,-0.2
283,Josh Magette\magetjo01,PG,28,ATL,8,64,12.5,.472,.333,.333,1.8,9.0,5.3,36.0,1.5,0.0,12.7,10.8,,0.1,0.0,0.2,.114,,-2.1,-3.8,-5.9,-0.1
284,Ian Mahinmi\mahinia01,C,31,WAS,43,629,10.9,.595,.000,.627,12.4,16.5,14.5,6.7,1.6,3.2,27.0,13.4,,0.4,0.8,1.2,.093,,-2.4,2.3,-0.1,0.3
285,Thon Maker\makerth01,C,20,MIL,44,803,9.6,.490,.320,.309,7.6,16.3,11.9,5.2,1.6,3.8,12.9,13.2,,0.1,0.7,0.9,.051,,-2.8,0.6,-2.2,0.0
286,Boban Marjanovic\marjabo01,C,29,DET,17,144,20.5,.595,.000,.621,9.1,25.1,16.9,13.4,0.7,3.7,19.2,32.0,,0.2,0.2,0.4,.120,,-3.1,0.1,-3.0,0.0
287,Lauri Markkanen\markkla01,PF,20,CHI,42,1262,16.0,.555,.509,.175,3.8,24.0,13.6,7.1,0.9,1.6,8.0,22.1,,1.2,1.1,2.3,.088,,0.0,-1.2,-1.1,0.3
288,Jarell Martin\martija01,PF,23,MEM,41,738,10.5,.513,.199,.214,6.9,14.7,10.8,4.3,1.6,3.6,12.8,16.0,,0.1,0.8,0.8,.054,,-3.6,0.6,-3.0,-0.2
289,Frank Mason\masonfr01,PG,23,SAC,29,539,12.4,.483,.215,.315,2.7,10.9,6.6,23.9,1.4,0.7,14.3,22.1,,0.0,0.1,0.1,.008,,-2.2,-2.6,-4.8,-0.4
290,Mangok Mathiang\mathima01,C,25,CHO,3,10,-1.5,.000,.000,.000,10.5,54.2,32.1,0.0,0.0,0.0,0.0,8.6,,0.0,0.0,0.0,-0.078,,-15.5,-4.8,-20.3,0.0
291,Wesley Matthews\matthwe02,SF,31,DAL,45,1551,10.8,.541,.569,.149,1.1,9.5,5.1,12.5,1.6,0.5,10.9,16.9,,0.7,1.1,1.8,.054,,0.1,-0.2,-0.2,0.7
292,Luc Mbah a Moute\mbahalu01,PF,31,HOU,26,665,9.6,.573,.514,.199,2.4,12.7,7.5,5.7,2.5,1.5,17.2,12.5,,0.2,0.8,1.0,.069,,-1.7,1.5,-0.2,0.3
293,James Michael McAdoo\mcadoja01,PF,25,PHI,3,18,7.6,.508,1.000,.286,0.0,11.6,6.0,0.0,0.0,4.6,11.3,20.8,,0.0,0.0,0.0,.021,,-4.2,-4.6,-8.8,0.0
294,Patrick McCaw\mccawpa01,SG,22,GSW,42,685,9.2,.518,.383,.162,2.5,7.3,5.1,10.9,2.3,0.7,13.2,12.1,,0.3,0.7,1.0,.068,,-1.4,-0.3,-1.7,0.0
295,C.J. McCollum\mccolcj01,SG,26,POR,44,1599,17.5,.548,.325,.167,2.0,10.2,6.2,15.4,1.4,0.9,9.0,26.1,,2.4,1.6,4.0,.120,,1.9,-0.9,0.9,1.2
296,T.J. McConnell\mccontj01,PG,25,PHI,36,893,14.0,.584,.164,.102,2.4,12.2,7.5,27.6,2.6,0.9,22.6,14.4,,0.9,1.2,2.1,.114,,-1.1,1.0,-0.1,0.4
297,Chris McCullough\mcculch01,PF,22,WAS,13,72,16.2,.469,.189,.216,9.3,23.0,16.2,2.3,0.0,4.8,0.0,24.7,,0.1,0.1,0.1,.091,,-4.4,-3.6,-7.9,-0.1
298,Doug McDermott\mcderdo01,SF,26,NYK,45,1038,10.6,.580,.423,.160,3.0,9.4,6.3,6.1,0.4,0.9,9.0,14.6,,1.3,0.4,1.7,.078,,0.3,-1.6,-1.3,0.2
299,JaVale McGee\mcgeeja01,C,30,GSW,33,266,20.4,.641,.045,.284,10.1,14.9,12.7,8.6,1.6,6.8,11.6,18.4,,0.7,0.4,1.1,.199,,0.4,2.0,2.3,0.3
300,Alfonzo McKinnie\mckinal01,SF,25,TOR,9,33,11.0,.661,.571,.429,0.0,16.8,8.5,4.1,1.5,2.5,10.7,12.2,,0.0,0.0,0.1,.134,,-1.0,0.3,-0.7,0.0
301,Ben McLemore\mclembe01,SG,24,MEM,24,400,8.7,.502,.426,.135,2.9,11.1,7.0,8.3,1.8,1.4,12.3,19.5,,-0.2,0.3,0.1,.016,,-2.8,-1.4,-4.2,-0.2
302,Josh McRoberts\mcrobjo01,PF,30,DAL,1,3,-19.7,.000,1.000,.000,0.0,0.0,0.0,0.0,0.0,0.0,0.0,15.3,,0.0,0.0,0.0,-0.390,,-13.0,-4.9,-17.9,0.0
303,Jodie Meeks\meeksjo01,SG,30,WAS,43,684,10.0,.509,.537,.326,1.6,10.3,6.0,7.4,1.4,0.1,8.5,18.2,,0.3,0.5,0.8,.056,,-1.5,-2.1,-3.6,-0.3
304,Salah Mejri\mejrisa01,C,31,DAL,40,467,18.1,.679,.025,.519,11.2,27.7,19.2,6.7,1.4,8.8,18.8,12.0,,1.0,0.9,1.8,.190,,-1.9,5.6,3.7,0.7
305,Jordan Mickey\mickejo01,PF,23,MIA,16,231,10.8,.513,.164,.239,7.0,28.3,17.7,6.1,0.7,2.6,15.9,17.4,,-0.1,0.3,0.3,.053,,-5.3,0.3,-5.1,-0.2
306,Khris Middleton\middlkh01,SF,26,MIL,44,1635,16.6,.565,.351,.257,1.3,15.1,8.1,18.3,1.7,0.4,11.4,24.6,,2.2,1.0,3.2,.094,,1.5,-1.9,-0.4,0.7
307,C.J. Miles\milescj01,SF,30,TOR,36,670,14.6,.562,.761,.154,1.7,9.9,5.9,5.1,1.8,1.5,5.8,22.4,,1.0,0.8,1.7,.125,,2.6,-2.1,0.4,0.4
308,Darius Miller\milleda01,SF,27,NOP,44,948,10.2,.644,.752,.159,0.6,7.4,4.1,7.5,0.7,0.5,9.0,13.4,,1.4,0.2,1.6,.083,,1.2,-2.6,-1.4,0.1
309,Malcolm Miller\millema01,SF,24,TOR,3,13,13.7,.600,.800,.000,8.8,8.5,8.7,0.0,0.0,0.0,0.0,16.7,,0.0,0.0,0.0,.148,,2.4,-6.9,-4.5,0.0
310,Patty Mills\millspa02,PG,29,SAS,46,1120,12.9,.571,.588,.185,1.2,7.7,4.5,17.5,1.5,0.4,13.8,18.1,,1.2,1.3,2.6,.110,,1.1,-1.1,0.0,0.6
311,Paul Millsap\millspa01,PF,32,DEN,16,475,17.5,.531,.287,.322,5.6,17.9,11.7,16.1,1.8,3.6,12.5,24.1,,0.5,0.6,1.1,.108,,-0.1,1.1,0.9,0.4
312,Nikola Mirotic\mirotni01,PF,26,CHI,20,499,23.8,.636,.510,.261,3.8,26.3,14.7,11.1,1.2,1.6,8.6,26.7,,1.3,0.5,1.9,.178,,4.1,-1.4,2.7,0.6
313,Donovan Mitchell\mitchdo01,SG,21,UTA,42,1321,17.7,.556,.408,.202,1.7,10.5,6.0,19.3,2.5,1.2,12.6,28.8,,1.0,1.4,2.4,.086,,1.9,-0.8,1.1,1.0
314,Naz Mitrou-Long\mitrona01,SG,24,UTA,1,1,137.4,1.500,1.000,.000,0.0,0.0,0.0,0.0,0.0,0.0,0.0,45.7,,0.1,0.0,0.1,2.745,,70.2,-15.1,55.0,0.0
315,Malik Monk\monkma01,SG,19,CHO,34,456,8.2,.455,.581,.086,0.5,7.6,4.0,16.0,1.0,0.6,9.3,21.4,,-0.3,0.3,0.0,.001,,-1.9,-2.6,-4.5,-0.3
316,Greg Monroe\monrogr01,C,27,TOT,20,419,19.5,.597,.000,.236,11.0,26.5,18.6,17.6,1.1,0.9,15.9,20.0,,0.8,0.3,1.1,.127,,0.3,0.2,0.5,0.3
316,Greg Monroe\monrogr01,C,27,MIL,5,79,11.4,.489,.000,.121,9.0,29.1,19.0,10.4,0.0,0.0,14.7,23.6,,-0.1,0.0,0.0,-0.016,,-5.9,-3.6,-9.5,-0.2
316,Greg Monroe\monrogr01,C,27,PHO,15,340,21.4,.626,.000,.270,11.4,25.9,18.5,19.2,1.4,1.2,16.3,19.1,,0.9,0.3,1.1,.161,,1.8,1.0,2.8,0.4
317,Luis Montero\montelu01,SG,24,DET,2,8,-15.7,.000,.000,.000,0.0,29.1,14.1,0.0,0.0,0.0,66.7,16.6,,-0.1,0.0,-0.1,-0.445,,-23.6,-2.0,-25.5,0.0
318,E'Twaun Moore\mooreet01,SG,28,NOP,44,1421,12.8,.618,.386,.079,2.6,6.7,4.7,9.8,1.5,0.3,10.5,15.8,,2.0,0.5,2.5,.085,,1.3,-1.4,-0.1,0.7
319,Eric Moreland\moreler01,PF,26,DET,38,455,11.3,.494,.000,.260,10.3,24.3,17.1,12.6,1.7,4.8,26.4,7.4,,0.3,0.8,1.2,.122,,-3.2,5.4,2.2,0.5
320,Marcus Morris\morrima03,PF,28,BOS,24,566,14.0,.524,.381,.243,3.1,21.2,12.3,9.9,1.1,1.0,9.6,23.2,,0.2,1.0,1.2,.104,,-1.9,0.0,-1.9,0.0
321,Markieff Morris\morrima02,PF,28,WAS,37,922,11.4,.552,.289,.185,4.7,19.2,12.0,7.3,1.2,1.6,15.3,18.7,,0.2,1.1,1.2,.065,,-2.2,0.2,-2.0,0.0
322,Monte Morris\morrimo01,PG,22,DEN,1,3,-2.6,.000,1.000,.000,0.0,0.0,0.0,40.7,0.0,0.0,0.0,14.5,,0.0,0.0,0.0,-0.194,,-10.5,-12.7,-23.2,0.0
323,Johnathan Motley\motlejo01,PF,22,DAL,1,2,94.7,.725,.000,4.000,0.0,58.3,28.2,0.0,0.0,44.8,0.0,63.2,,0.0,0.0,0.0,.872,,3.9,6.7,10.7,0.0
324,Timofey Mozgov\mozgoti01,C,31,BRK,25,321,11.0,.606,.228,.316,9.1,19.0,14.0,3.8,0.7,2.1,24.4,15.8,,0.0,0.3,0.4,.053,,-4.1,-0.1,-4.2,-0.2
325,Emmanuel Mudiay\mudiaem01,PG,21,DEN,33,637,12.5,.513,.337,.269,2.4,11.5,6.9,23.5,1.4,0.5,18.0,24.5,,0.0,0.4,0.4,.032,,-2.0,-2.3,-4.3,-0.4
326,Shabazz Muhammad\muhamsh01,SF,25,MIN,26,264,8.8,.433,.188,.198,5.2,12.0,8.6,3.8,1.0,0.7,2.7,19.0,,0.0,0.1,0.1,.014,,-4.1,-3.5,-7.5,-0.4
327,Dejounte Murray\murrade01,PG,21,SAS,46,815,12.9,.461,.054,.274,6.4,22.8,14.7,21.2,2.3,1.4,18.6,21.1,,-0.6,1.6,1.0,.057,,-3.7,2.9,-0.8,0.3
328,Jamal Murray\murraja01,PG,20,DEN,44,1300,15.1,.554,.395,.216,3.8,9.1,6.4,14.3,1.5,0.9,12.7,23.4,,1.6,0.9,2.5,.091,,0.8,-1.9,-1.1,0.3
329,Mike Muscala\muscami01,C,26,ATL,15,257,13.1,.599,.365,.286,6.1,18.8,12.4,5.1,1.7,1.7,11.3,13.7,,0.4,0.2,0.6,.111,,-1.2,-0.3,-1.5,0.0
330,Abdel Nader\naderab01,SF,24,BOS,21,156,5.0,.419,.500,.068,3.6,10.3,7.0,6.5,1.6,2.1,16.6,15.6,,-0.3,0.3,0.0,-0.006,,-5.8,1.0,-4.8,-0.1
331,Larry Nance\nancela02,PF,25,LAL,33,720,19.3,.606,.010,.338,12.2,20.4,16.3,9.7,3.1,1.7,12.5,15.8,,1.5,1.2,2.7,.181,,0.6,2.6,3.2,0.9
332,Shabazz Napier\napiesh01,PG,26,POR,39,835,18.2,.593,.333,.269,1.9,10.6,6.3,17.5,3.1,0.9,13.3,20.2,,1.5,1.2,2.7,.155,,1.5,0.8,2.3,0.9
333,Jameer Nelson\nelsoja01,PG,35,NOP,38,824,8.2,.501,.520,.096,1.4,10.3,6.1,22.3,1.3,0.3,22.6,12.7,,0.1,0.4,0.5,.027,,-2.4,-1.5,-3.8,-0.4
334,Raul Neto\netora01,PG,25,UTA,19,249,13.7,.576,.333,.200,0.9,10.0,5.3,24.4,1.2,0.7,15.5,17.7,,0.3,0.2,0.5,.092,,-1.1,-2.2,-3.3,-0.1
335,Joakim Noah\noahjo01,C,32,NYK,6,36,16.5,.465,.000,.444,19.2,21.3,20.3,15.5,2.8,4.9,21.8,16.8,,0.0,0.1,0.1,.102,,-1.1,4.4,3.2,0.0
336,Nerlens Noel\noelne01,C,23,DAL,18,225,15.5,.587,.000,.358,12.6,24.4,18.3,4.0,2.2,4.0,19.6,15.5,,0.2,0.4,0.6,.127,,-3.5,2.3,-1.2,0.0
337,Lucas Nogueira\noguelu01,C,25,TOR,26,273,17.7,.679,.200,.255,5.5,17.5,11.6,5.5,2.7,9.0,15.2,11.5,,0.5,0.6,1.1,.192,,-0.4,6.3,5.9,0.5
338,Dirk Nowitzki\nowitdi01,C,39,DAL,45,1129,16.9,.576,.396,.148,1.6,23.9,12.4,11.0,1.1,1.5,6.1,20.6,,1.7,1.2,2.9,.122,,0.4,0.0,0.4,0.7
339,Frank Ntilikina\ntilila01,PG,19,NYK,42,889,7.4,.423,.320,.150,2.1,10.5,6.4,23.3,2.7,0.9,22.9,17.3,,-1.3,1.0,-0.3,-0.017,,-3.5,0.5,-3.0,-0.2
340,Jusuf Nurkic\nurkiju01,C,23,POR,42,1138,16.7,.502,.013,.331,8.8,23.9,16.4,11.5,1.4,3.8,15.4,27.7,,-0.5,1.9,1.4,.060,,-4.0,2.0,-2.0,0.0
341,David Nwaba\nwabada01,SG,25,CHI,33,761,13.2,.573,.093,.564,4.9,17.0,10.8,7.7,1.8,1.9,11.5,14.0,,0.9,0.8,1.6,.102,,-2.2,1.4,-0.8,0.2
342,Johnny O'Bryant\obryajo01,PF,24,CHO,28,299,13.4,.475,.221,.171,8.8,19.6,14.1,6.7,1.3,1.1,9.1,23.9,,0.0,0.4,0.3,.050,,-3.1,-1.5,-4.6,-0.2
343,Royce O'Neale\onealro01,SF,24,UTA,31,344,11.7,.531,.533,.402,2.3,24.7,13.2,13.0,1.6,0.3,13.6,16.6,,0.2,0.4,0.6,.079,,-2.3,-0.1,-2.4,0.0
344,Kyle O'Quinn\oquinky01,C,27,NYK,45,769,19.9,.628,.028,.364,10.0,28.9,19.7,17.5,1.2,5.3,18.9,17.5,,1.6,1.3,2.9,.181,,0.7,4.0,4.7,1.3
345,Semi Ojeleye\ojelese01,PF,23,BOS,41,537,4.5,.450,.785,.226,4.1,11.0,7.6,2.3,1.2,0.2,11.3,9.6,,-0.2,0.7,0.6,.049,,-3.6,0.3,-3.4,-0.2
346,Jahlil Okafor\okafoja01,C,22,TOT,11,138,8.9,.489,.036,.218,4.7,17.7,11.2,5.9,0.3,2.9,13.0,21.4,,-0.1,0.1,0.0,.005,,-6.8,-1.1,-7.8,-0.2
346,Jahlil Okafor\okafoja01,C,22,PHI,2,25,9.0,.465,.000,.444,17.9,20.8,19.4,6.0,0.0,6.6,21.8,23.2,,0.0,0.0,0.0,-0.002,,-7.3,0.4,-6.9,0.0
346,Jahlil Okafor\okafoja01,C,22,BRK,9,113,8.8,.495,.043,.174,1.8,17.0,9.3,5.9,0.4,2.0,10.8,20.9,,-0.1,0.1,0.0,.006,,-6.7,-1.4,-8.0,-0.2
347,Victor Oladipo\oladivi01,SG,25,IND,40,1362,24.1,.595,.352,.296,1.8,15.6,8.8,19.4,2.8,2.4,12.2,30.5,,3.0,1.7,4.8,.168,,4.2,0.5,4.7,2.3
348,Kelly Olynyk\olynyke01,PF,26,MIA,44,1041,15.8,.622,.398,.293,5.7,21.8,13.8,14.9,1.7,1.5,20.1,20.7,,1.1,1.4,2.6,.119,,0.3,1.2,1.5,0.9
349,Cedi Osman\osmande01,SF,22,CLE,35,293,9.5,.572,.406,.203,3.1,19.6,11.5,5.3,1.5,0.3,12.8,13.1,,0.2,0.2,0.4,.061,,-2.8,-1.5,-4.3,-0.2
350,Kelly Oubre\oubreke01,SF,22,WAS,45,1223,13.5,.579,.443,.301,3.3,16.5,9.9,5.8,1.5,1.3,10.1,18.5,,1.5,1.4,2.9,.113,,0.1,-0.4,-0.3,0.5
351,Zaza Pachulia\pachuza01,C,33,GSW,36,523,16.7,.634,.000,.326,8.4,26.1,18.1,15.6,2.1,0.9,20.2,16.5,,1.0,0.9,1.8,.167,,-0.4,1.5,1.1,0.4
352,Marcus Paige\paigema01,PG,24,CHO,1,3,-19.3,.000,.000,.000,0.0,72.2,35.6,0.0,0.0,0.0,0.0,28.8,,0.0,0.0,0.0,-0.602,,-33.8,-10.5,-44.3,0.0
353,Georgios Papagiannis\papagge01,C,20,SAC,11,74,14.7,.481,.000,.000,12.0,24.3,17.9,4.4,1.4,3.8,10.0,18.2,,0.0,0.1,0.1,.043,,-4.7,-1.0,-5.6,-0.1
354,Tony Parker\parketo01,PG,35,SAS,20,438,13.3,.513,.087,.181,0.8,10.1,5.5,28.9,1.3,0.2,15.7,19.7,,0.2,0.5,0.7,.077,,-2.1,-1.2,-3.4,-0.2
355,Chandler Parsons\parsoch01,SF,29,MEM,26,545,14.5,.600,.531,.140,2.6,13.3,7.9,16.5,1.2,1.5,13.2,18.4,,0.7,0.4,1.1,.098,,1.0,-1.2,-0.2,0.2
356,Patrick Patterson\pattepa01,PF,28,OKC,45,649,8.3,.529,.674,.167,2.0,14.1,7.9,5.4,1.8,1.3,12.4,10.9,,0.3,0.8,1.1,.081,,-2.6,0.0,-2.5,-0.1
357,Brandon Paul\paulbr01,SG,26,SAS,42,452,9.2,.526,.444,.303,0.7,12.7,6.8,10.7,2.7,0.9,15.8,13.3,,0.0,0.8,0.8,.081,,-2.6,1.5,-1.1,0.1
358,Chris Paul\paulch01,PG,32,HOU,26,833,25.3,.601,.499,.253,2.4,17.8,10.1,46.1,2.8,1.1,13.9,24.3,,3.6,1.1,4.7,.272,,6.6,0.9,7.6,2.0
359,Adreian Payne\paynead01,PF,26,ORL,5,43,18.8,.831,.300,.600,5.1,17.9,11.4,0.0,2.2,0.0,13.7,14.8,,0.1,0.0,0.2,.198,,0.4,-4.3,-3.8,0.0
360,Elfrid Payton\paytoel01,PG,23,ORL,36,1047,17.6,.564,.155,.239,4.2,10.7,7.4,35.1,2.2,0.8,19.1,21.1,,1.4,0.7,2.1,.095,,1.1,-0.5,0.6,0.7
361,Gary Payton\paytoga02,PG,25,TOT,14,124,8.9,.436,.325,.075,4.7,13.5,9.1,15.4,1.2,2.0,6.8,16.1,,0.0,0.1,0.1,.032,,-3.0,-1.7,-4.7,-0.1
361,Gary Payton\paytoga02,PG,25,MIL,12,106,7.8,.437,.364,.091,4.5,14.8,9.6,12.4,1.4,0.8,8.0,16.1,,0.0,0.1,0.0,.014,,-3.2,-2.2,-5.4,-0.1
361,Gary Payton\paytoga02,PG,25,LAL,2,18,15.3,.429,.143,.000,5.8,6.0,5.9,33.5,0.0,9.0,0.0,16.3,,0.0,0.0,0.1,.135,,-1.5,0.6,-0.9,0.0
362,London Perrantes\perralo01,PG,23,CLE,1,3,-19.3,.000,.000,.000,0.0,0.0,0.0,0.0,0.0,0.0,0.0,14.8,,0.0,0.0,0.0,-0.382,,-16.8,-4.9,-21.7,0.0
363,Alec Peters\peteral01,PF,22,PHO,4,46,8.3,.500,.909,.000,0.0,9.5,4.6,12.2,0.0,3.4,8.3,11.0,,0.0,0.0,0.0,.029,,-2.0,-1.8,-3.8,0.0
364,Mason Plumlee\plumlma01,C,27,DEN,45,924,15.8,.551,.004,.506,10.3,22.4,16.3,14.2,1.7,4.5,20.2,17.2,,0.5,1.3,1.8,.096,,-2.1,3.1,1.1,0.7
365,Miles Plumlee\plumlmi01,C,29,ATL,25,457,11.0,.598,.000,.365,9.4,16.6,13.0,7.0,1.1,2.1,23.9,12.5,,0.2,0.3,0.5,.050,,-2.9,0.7,-2.2,0.0
366,Jakob Poeltl\poeltja01,C,22,TOR,43,751,18.3,.649,.010,.320,13.8,16.7,15.3,4.3,1.0,5.2,13.3,15.2,,1.8,1.1,2.9,.188,,0.9,2.0,2.8,0.9
367,Quincy Pondexter\pondequ01,SF,29,CHI,19,183,3.6,.398,.449,.347,4.6,9.7,7.1,5.3,1.9,0.9,16.3,16.2,,-0.3,0.1,-0.2,-0.056,,-6.1,-0.8,-7.0,-0.2
368,Otto Porter\porteot01,SF,24,WAS,41,1297,17.1,.580,.350,.131,4.0,18.0,11.0,8.6,2.4,1.5,6.6,17.5,,2.3,1.8,4.1,.150,,1.5,1.4,2.9,1.6
369,Bobby Portis\portibo01,PF,22,CHI,36,738,21.0,.568,.264,.221,9.6,22.5,15.8,13.5,1.1,1.2,9.7,25.2,,1.4,0.6,2.1,.133,,1.5,-0.9,0.7,0.5
370,Kristaps Porzingis\porzikr01,PF,22,NYK,39,1295,20.6,.535,.251,.307,4.6,18.4,11.7,6.5,1.1,6.3,9.0,32.1,,1.3,1.8,3.0,.113,,-0.5,-0.1,-0.7,0.4
371,Dwight Powell\poweldw01,C,26,DAL,44,818,18.0,.645,.212,.363,8.1,21.0,14.3,7.5,2.1,1.8,9.9,15.3,,2.0,1.0,3.1,.181,,0.8,1.5,2.3,0.9
372,Norman Powell\powelno01,SG,24,TOR,38,659,9.4,.487,.451,.146,1.4,10.6,6.1,12.7,2.1,1.5,14.4,20.1,,-0.4,0.8,0.4,.031,,-2.3,0.0,-2.3,-0.1
373,Alex Poythress\poythal01,PF,24,IND,18,78,5.8,.469,.438,.000,7.4,8.6,8.0,1.6,1.9,1.1,11.1,10.3,,0.0,0.1,0.1,.037,,-2.7,-1.1,-3.8,0.0
374,Jacob Pullen\pulleja01,PG,28,PHI,3,6,-2.1,.500,.500,.000,0.0,0.0,0.0,0.0,0.0,0.0,33.3,21.1,,0.0,0.0,0.0,-0.213,,-10.4,-4.9,-15.3,0.0
375,Zhou Qi\qizh01,C,22,HOU,14,75,0.0,.299,.625,.417,3.0,16.7,9.8,1.7,1.3,6.8,15.0,19.2,,-0.3,0.1,-0.2,-0.126,,-10.5,0.4,-10.1,-0.2
376,Ivan Rabb\rabbiv01,PF,20,MEM,5,22,24.1,.742,.000,.111,10.6,21.3,15.9,10.6,0.0,4.2,17.5,23.8,,0.0,0.0,0.1,.140,,1.0,-1.2,-0.2,0.0
377,Julius Randle\randlju01,C,23,LAL,44,1013,18.2,.594,.083,.450,8.5,24.1,16.2,14.1,0.9,2.4,17.7,24.8,,1.2,1.2,2.4,.114,,-1.1,0.5,-0.5,0.4
378,Zach Randolph\randoza01,PF,36,SAC,39,984,19.0,.541,.170,.172,7.8,23.8,15.5,14.4,1.6,0.6,12.5,27.7,,0.7,0.6,1.3,.063,,0.1,-1.5,-1.4,0.2
379,J.J. Redick\redicjj01,SG,33,PHI,36,1173,15.1,.602,.516,.239,0.6,8.3,4.5,15.9,0.8,0.2,9.3,20.6,,2.6,0.8,3.4,.140,,2.3,-2.6,-0.2,0.5
380,Davon Reed\reedda01,SG,22,PHO,1,5,-16.9,.000,.500,.000,0.0,21.7,10.7,0.0,0.0,0.0,0.0,16.9,,0.0,0.0,0.0,-0.394,,-17.7,-6.8,-24.5,0.0
381,Willie Reed\reedwi02,C,27,LAC,36,388,19.9,.661,.018,.473,8.9,22.6,15.8,3.3,1.1,4.8,10.6,16.9,,1.0,0.5,1.5,.184,,-0.9,0.4,-0.5,0.1
382,Josh Richardson\richajo01,SF,24,MIA,44,1492,12.4,.562,.432,.163,2.5,9.0,5.7,12.0,1.9,2.2,14.6,17.8,,0.8,1.7,2.4,.078,,-0.2,1.0,0.7,1.0
383,Malachi Richardson\richama01,SG,22,SAC,23,291,6.0,.452,.463,.275,1.5,10.7,5.9,6.3,1.6,0.0,9.1,15.2,,-0.2,0.1,-0.1,-0.018,,-3.8,-2.6,-6.4,-0.3
384,Austin Rivers\riverau01,SG,25,LAC,32,1047,13.2,.529,.457,.208,1.6,5.4,3.5,17.2,1.9,0.6,11.2,22.3,,0.8,0.6,1.4,.064,,0.9,-1.9,-1.0,0.3
385,Andre Roberson\roberan03,SG,26,OKC,35,933,11.0,.544,.242,.181,7.9,12.3,10.0,6.1,2.1,3.2,15.3,8.9,,0.7,1.3,2.1,.106,,-1.4,2.9,1.5,0.8
386,Rajon Rondo\rondora01,PG,31,NOP,30,749,14.9,.531,.320,.040,1.9,13.5,7.9,42.4,1.7,0.8,23.6,15.6,,1.1,0.5,1.6,.102,,-0.6,-1.6,-2.3,0.0
387,Derrick Rose\rosede01,PG,29,CLE,8,201,12.1,.545,.157,.281,4.5,7.1,5.9,10.6,0.5,0.9,17.4,26.7,,-0.1,0.0,-0.1,-0.018,,-3.9,-3.9,-7.9,-0.3
388,Terrence Ross\rosste01,SG,26,ORL,22,576,10.4,.515,.480,.198,1.9,11.5,6.6,8.7,2.3,1.3,11.5,16.4,,0.0,0.4,0.4,.033,,-1.5,0.1,-1.4,0.1
389,Terry Rozier\roziete01,PG,23,BOS,46,1059,13.6,.507,.509,.133,2.9,17.5,10.3,13.8,2.2,0.4,8.0,19.1,,0.7,2.0,2.7,.120,,-0.4,1.3,0.9,0.8
390,Ricky Rubio\rubiori01,PG,27,UTA,43,1246,12.1,.499,.355,.269,1.6,14.5,7.9,25.7,2.8,0.4,20.5,22.2,,-0.8,1.5,0.7,.027,,-2.1,0.7,-1.4,0.2
391,D'Angelo Russell\russeda01,PG,21,BRK,12,333,19.4,.539,.298,.307,2.8,15.1,8.9,41.0,1.7,0.5,17.1,35.9,,0.0,0.3,0.4,.054,,2.9,-0.2,2.7,0.4
392,Domantas Sabonis\sabondo01,C,21,IND,43,1076,18.5,.581,.046,.347,12.0,25.7,19.0,12.8,0.8,1.6,16.5,22.7,,1.8,1.1,2.9,.130,,-0.1,0.1,0.0,0.5
393,JaKarr Sampson\sampsja02,SF,24,SAC,6,102,14.6,.656,.136,.091,8.7,25.8,16.9,2.9,1.0,3.7,8.0,11.0,,0.2,0.1,0.3,.139,,-1.7,-0.4,-2.1,0.0
394,Dario Saric\saricda01,PF,23,PHI,40,1222,14.2,.550,.434,.191,7.9,16.0,12.1,12.7,1.2,0.9,13.5,19.7,,1.4,1.3,2.7,.107,,0.7,0.0,0.7,0.8
395,Tomas Satoransky\satorto01,SG,26,WAS,36,590,14.6,.585,.270,.321,5.1,10.5,7.8,22.3,1.4,0.3,12.3,13.3,,1.3,0.5,1.8,.145,,0.9,-0.7,0.3,0.3
396,Dennis Schroder\schrode01,PG,24,ATL,41,1314,18.9,.519,.216,.211,2.6,8.2,5.4,38.2,1.8,0.2,11.9,30.1,,1.9,0.5,2.4,.089,,2.4,-2.5,-0.1,0.6
397,Mike Scott\scottmi01,PF,29,WAS,41,771,15.8,.663,.333,.132,3.6,15.8,9.7,7.1,1.0,1.0,13.7,19.1,,1.3,0.7,2.0,.124,,0.8,-1.2,-0.5,0.3
398,Thabo Sefolosha\sefolth01,SF,33,UTA,38,806,16.3,.591,.350,.225,4.0,19.3,11.5,6.6,3.3,1.3,10.2,16.7,,1.0,1.2,2.3,.135,,-0.2,1.6,1.4,0.7
399,Wayne Selden\seldewa01,SG,23,MEM,9,105,12.7,.527,.463,.463,2.2,7.8,5.0,16.0,2.0,0.0,13.9,25.0,,0.0,0.1,0.1,.035,,-1.3,-3.6,-4.9,-0.1
400,Ramon Sessions\sessira01,PG,31,NYK,13,167,6.4,.403,.208,.283,0.7,11.1,6.1,22.3,2.1,0.5,20.1,19.7,,-0.3,0.1,-0.2,-0.050,,-5.5,-1.0,-6.5,-0.2
401,Iman Shumpert\shumpim01,SG,27,CLE,13,271,6.8,.487,.439,.263,2.9,13.4,8.3,8.5,1.6,1.6,21.1,13.2,,-0.2,0.2,0.0,-0.007,,-3.9,0.1,-3.8,-0.1
402,Pascal Siakam\siakapa01,PF,23,TOR,42,840,14.0,.509,.327,.157,6.7,18.9,12.9,12.4,2.2,2.3,10.8,15.3,,0.8,1.3,2.1,.120,,-0.2,2.6,2.4,0.9
403,Ben Simmons\simmobe01,PG,21,PHI,40,1405,17.4,.528,.018,.347,5.6,18.5,12.3,32.6,2.6,2.2,20.2,23.6,,0.6,2.4,3.0,.101,,-0.7,3.4,2.6,1.6
404,Jonathon Simmons\simmojo02,SG,28,ORL,44,1269,12.3,.537,.251,.299,3.4,10.3,6.9,12.8,1.3,0.5,14.1,22.6,,0.2,0.5,0.7,.026,,-1.4,-1.6,-3.0,-0.3
405,Kobi Simmons\simmoko01,PG,20,MEM,11,162,7.6,.485,.282,.128,2.2,10.8,6.5,10.4,1.9,1.7,16.3,13.9,,-0.1,0.1,0.1,.015,,-4.3,0.0,-4.3,-0.1
406,Kyle Singler\singlky01,SF,29,OKC,8,44,5.3,.451,.313,.563,0.0,15.8,7.7,0.0,1.1,0.0,9.1,21.7,,-0.1,0.0,0.0,-0.025,,-8.5,-6.3,-14.7,-0.1
407,Marcus Smart\smartma01,SG,23,BOS,44,1340,9.8,.460,.463,.245,3.0,10.1,6.6,22.7,2.1,1.4,18.4,19.6,,-1.0,2.3,1.3,.046,,-2.4,1.6,-0.8,0.4
408,Dennis Smith\smithde03,PG,20,DAL,37,1047,13.0,.481,.329,.175,2.9,12.9,7.7,26.8,1.6,0.9,15.2,28.8,,-1.2,0.9,-0.3,-0.014,,-1.6,-0.6,-2.2,-0.1
409,Ish Smith\smithis01,PG,29,DET,43,960,15.1,.487,.066,.143,2.1,11.8,6.8,30.2,1.3,1.1,10.2,22.2,,0.8,0.9,1.7,.087,,-1.4,-0.5,-1.9,0.0
410,J.R. Smith\smithjr01,SG,32,CLE,43,1283,7.5,.507,.682,.094,1.7,9.2,5.5,9.5,1.5,0.2,11.6,12.6,,0.2,0.4,0.6,.023,,-0.9,-1.0,-1.9,0.0
411,Jason Smith\smithja02,C,31,WAS,18,174,5.0,.382,.268,.155,9.0,12.1,10.5,5.0,0.6,4.5,11.6,21.6,,-0.4,0.2,-0.2,-0.054,,-6.6,-0.8,-7.5,-0.2
412,Josh Smith\smithjo03,PF,32,NOP,3,12,3.6,.250,.000,.000,29.2,9.0,18.7,0.0,0.0,0.0,0.0,14.6,,0.0,0.0,0.0,-0.019,,-5.9,-8.0,-13.8,0.0
413,Tony Snell\snellto01,SG,26,MIL,39,1128,9.8,.625,.625,.164,0.5,8.2,4.4,6.2,1.1,1.0,7.4,10.9,,1.4,0.3,1.7,.074,,0.5,-1.6,-1.0,0.3
414,Marreese Speights\speigma01,C,30,ORL,35,458,12.0,.510,.671,.154,3.6,17.8,10.6,8.6,0.5,2.4,8.4,25.9,,0.0,0.3,0.2,.023,,-0.5,-3.3,-3.8,-0.2
415,Nik Stauskas\stausni01,SG,24,TOT,22,269,9.4,.580,.675,.195,1.2,11.9,6.5,10.2,0.9,0.3,16.9,15.9,,0.1,0.2,0.2,.044,,-1.9,-1.5,-3.4,-0.1
415,Nik Stauskas\stausni01,SG,24,PHI,6,45,0.9,.410,.250,.500,0.0,2.3,1.2,2.8,4.2,0.0,45.0,8.3,,-0.1,0.1,0.0,-0.050,,-7.4,2.2,-5.2,0.0
415,Nik Stauskas\stausni01,SG,24,BRK,16,224,11.1,.591,.699,.178,1.4,13.8,7.5,11.7,0.2,0.3,14.2,17.5,,0.2,0.1,0.3,.063,,-0.7,-2.3,-3.0,-0.1
416,Lance Stephenson\stephla01,SG,27,IND,45,1047,12.1,.501,.307,.185,4.1,22.4,13.4,17.9,1.1,0.6,15.4,19.7,,0.1,1.0,1.1,.049,,-1.8,-0.1,-1.9,0.0
417,Julyan Stone\stoneju01,SG,29,CHO,7,33,11.8,.750,1.000,.000,0.0,32.8,16.2,33.1,3.0,2.6,50.0,10.5,,0.0,0.1,0.1,.112,,-3.0,4.0,1.0,0.0
418,Caleb Swanigan\swanica01,PF,20,POR,15,133,7.4,.409,.119,.310,10.1,19.7,15.0,9.7,1.9,1.8,18.7,19.4,,-0.2,0.2,0.0,-0.009,,-5.9,1.2,-4.7,-0.1
419,Jayson Tatum\tatumja01,SF,19,BOS,46,1426,16.3,.621,.321,.388,2.6,16.1,9.5,6.8,1.5,2.4,10.5,17.9,,2.6,2.6,5.2,.175,,0.1,2.0,2.1,1.5
420,Isaiah Taylor\taylois01,PG,23,ATL,34,502,9.6,.467,.224,.340,2.5,8.2,5.3,21.5,1.6,1.4,15.5,17.5,,-0.1,0.2,0.2,.015,,-3.5,-1.6,-5.1,-0.4
421,Jeff Teague\teaguje01,PG,29,MIN,36,1214,14.7,.538,.316,.243,1.4,9.4,5.4,29.9,2.3,0.9,19.2,20.0,,1.0,0.9,1.9,.076,,0.6,-1.0,-0.4,0.5
422,Mirza Teletovic\teletmi01,PF,32,MIL,10,159,13.8,.623,.789,.000,2.2,15.2,8.7,9.6,1.3,0.6,10.9,18.4,,0.2,0.1,0.3,.090,,1.9,-3.3,-1.4,0.0
423,Garrett Temple\templga01,SG,31,SAC,42,1042,8.9,.493,.487,.147,1.5,10.2,5.7,10.7,1.9,2.1,13.8,16.3,,-0.5,0.5,0.0,.000,,-2.2,-0.5,-2.7,-0.2
424,Milos Teodosic\teodomi01,PG,30,LAC,17,427,12.2,.530,.674,.113,2.3,11.5,7.0,31.9,1.0,0.6,20.4,18.9,,0.4,0.2,0.6,.067,,0.8,-2.1,-1.3,0.1
425,Jason Terry\terryja01,SG,40,MIL,15,145,5.1,.386,.600,.080,0.0,10.0,5.0,7.3,3.1,2.4,16.2,9.7,,-0.2,0.1,0.0,-0.014,,-4.7,1.0,-3.7,-0.1
426,Daniel Theis\theisda01,C,25,BOS,44,591,14.9,.595,.230,.355,10.7,23.0,17.0,6.8,1.8,4.3,20.0,16.7,,0.6,1.4,1.9,.157,,-2.4,3.4,1.0,0.5
427,Isaiah Thomas\thomais02,PG,28,CLE,6,146,11.3,.465,.460,.230,3.9,3.0,3.5,24.0,0.7,0.6,12.8,33.4,,-0.2,0.0,-0.2,-0.062,,-1.8,-6.2,-8.0,-0.2
428,Lance Thomas\thomala01,PF,29,NYK,42,804,6.1,.502,.390,.253,4.3,10.9,7.7,3.8,0.9,0.9,13.2,10.8,,0.1,0.5,0.6,.035,,-2.2,-0.4,-2.6,-0.1
429,Klay Thompson\thompkl01,SG,27,GSW,45,1540,17.2,.606,.448,.090,1.7,10.7,6.6,11.1,1.0,1.4,9.1,24.2,,2.5,1.2,3.7,.115,,2.4,-2.3,0.1,0.8
430,Tristan Thompson\thomptr01,C,26,CLE,24,451,13.4,.578,.000,.432,13.6,21.3,17.5,3.8,0.8,1.7,12.5,11.8,,0.8,0.3,1.1,.115,,-1.6,-0.8,-2.4,0.0
431,Sindarius Thornwell\thornsi01,SG,23,LAC,42,548,7.7,.516,.322,.330,2.6,10.0,6.3,7.6,2.1,2.2,17.5,12.7,,-0.1,0.5,0.4,.038,,-3.1,1.1,-2.0,0.0
432,Anthony Tolliver\tollian01,PF,32,DET,40,803,11.5,.615,.816,.248,3.3,11.6,7.3,7.7,0.9,1.3,12.3,14.4,,1.1,0.7,1.9,.111,,1.0,-0.5,0.5,0.5
433,Karl-Anthony Towns\townska01,C,22,MIN,47,1684,23.6,.633,.264,.302,8.7,30.8,19.6,10.1,1.2,3.9,11.4,22.3,,5.2,2.3,7.4,.212,,3.4,1.4,4.8,2.9
434,P.J. Tucker\tuckepj01,SF,32,HOU,43,1165,7.8,.517,.663,.188,4.9,20.4,12.6,4.5,1.7,0.9,15.1,9.8,,0.4,1.3,1.7,.069,,-2.0,1.2,-0.8,0.4
435,Evan Turner\turneev01,SF,29,POR,44,1175,9.7,.519,.200,.191,1.7,12.7,7.3,12.6,1.2,1.0,15.8,16.1,,0.0,1.2,1.2,.051,,-2.8,0.7,-2.1,0.0
436,Myles Turner\turnemy01,C,21,IND,33,964,17.5,.569,.238,.323,4.7,20.4,12.7,8.0,0.8,6.6,12.0,21.2,,1.1,1.2,2.3,.116,,-1.1,2.0,0.9,0.7
437,Ekpe Udoh\udohek01,C,30,UTA,41,674,15.4,.569,.000,.464,9.0,10.3,9.6,10.0,2.7,7.3,10.0,8.8,,1.3,1.1,2.4,.171,,-0.6,5.9,5.3,1.2
438,Tyler Ulis\ulisty01,PG,22,PHO,44,1058,9.4,.456,.248,.202,1.5,6.8,4.1,25.7,2.1,0.2,17.8,17.5,,-0.5,0.4,-0.1,-0.005,,-2.8,-2.1,-4.9,-0.8
439,Jonas Valanciunas\valanjo01,C,25,TOR,39,819,20.5,.618,.065,.369,11.9,31.4,21.8,5.3,0.7,2.6,13.8,21.8,,2.0,1.3,3.3,.193,,-0.7,-0.3,-1.0,0.2
440,Denzel Valentine\valende01,SG,24,CHI,45,1278,11.9,.533,.520,.070,2.6,18.5,10.3,15.9,1.3,0.3,10.9,15.8,,0.9,0.9,1.8,.069,,-0.4,0.1,-0.3,0.5
441,Fred VanVleet\vanvlfr01,PG,23,TOR,42,759,13.2,.516,.437,.163,1.5,11.7,6.7,21.6,2.3,0.8,12.4,18.4,,0.8,0.9,1.7,.107,,0.2,0.0,0.2,0.4
442,Rashad Vaughn\vaughra01,SG,21,MIL,16,162,12.2,.553,.688,.125,0.7,10.4,5.6,10.8,1.2,1.6,1.9,14.6,,0.2,0.1,0.3,.094,,0.4,-2.9,-2.5,0.0
443,Noah Vonleh\vonleno01,PF,22,POR,28,449,12.3,.546,.011,.307,8.7,30.9,20.0,3.8,0.7,2.0,12.3,11.1,,0.5,0.7,1.1,.122,,-4.0,1.0,-3.0,-0.1
444,Nikola Vucevic\vucevni01,C,27,ORL,34,1018,21.3,.557,.277,.111,6.5,27.6,17.0,19.0,1.7,2.9,10.8,25.3,,1.4,1.2,2.6,.125,,1.9,1.9,3.8,1.5
445,Dwyane Wade\wadedw01,SG,36,CLE,40,934,16.0,.505,.157,.283,4.1,14.2,9.2,25.1,2.0,2.6,14.8,24.4,,0.4,0.8,1.1,.058,,-1.8,0.3,-1.5,0.1
446,Dion Waiters\waitedi01,SG,26,MIA,30,918,10.9,.487,.415,.168,1.0,8.6,4.8,20.4,1.3,0.8,13.7,25.3,,-0.7,0.7,0.0,.001,,-1.9,-2.0,-3.9,-0.4
447,Kemba Walker\walkeke02,PG,27,CHO,41,1416,20.4,.553,.410,.315,1.3,9.1,5.2,28.8,1.7,0.8,9.4,27.0,,3.3,1.4,4.7,.158,,4.9,-1.0,3.9,2.1
448,John Wall\walljo01,PG,27,WAS,34,1161,20.1,.514,.232,.381,1.8,10.0,5.9,43.6,2.0,2.9,15.5,29.1,,1.4,1.3,2.7,.110,,1.9,0.3,2.2,1.2
449,Tyrone Wallace\wallaty01,PG,23,LAC,7,218,14.4,.592,.194,.419,1.5,11.6,6.6,8.9,2.2,2.3,10.9,16.4,,0.3,0.2,0.5,.119,,-0.7,1.0,0.3,0.1
450,Taurean Waller-Prince\princta02,SF,23,ATL,44,1367,11.6,.537,.417,.155,2.7,17.2,9.9,12.2,1.4,1.9,16.0,19.5,,-0.1,1.0,0.9,.030,,-1.6,0.2,-1.5,0.2
451,Derrick Walton\waltode01,PG,22,MIA,12,105,10.9,.531,.611,.222,0.0,8.7,4.4,17.1,1.9,2.4,9.2,9.4,,0.1,0.1,0.2,.114,,-2.0,0.2,-1.8,0.0
452,T.J. Warren\warretj01,SF,24,PHO,42,1351,18.4,.539,.091,.257,6.4,12.1,9.2,8.1,1.4,1.5,7.4,25.9,,1.9,0.6,2.5,.089,,0.1,-1.9,-1.8,0.1
453,Briante Weber\weberbr01,PG,25,HOU,13,118,11.0,.547,.409,.182,2.9,14.5,8.6,14.9,4.1,2.2,22.8,11.3,,0.1,0.2,0.3,.111,,-2.3,3.2,0.9,0.1
454,David West\westda01,C,37,GSW,44,585,23.2,.630,.032,.226,8.4,18.8,14.1,20.0,2.2,6.6,15.3,21.4,,1.4,1.1,2.5,.208,,1.2,3.7,4.9,1.0
455,Russell Westbrook\westbru01,PG,29,OKC,45,1614,24.8,.511,.210,.331,5.5,25.5,15.2,49.8,2.8,0.5,15.9,35.1,,2.7,2.9,5.6,.167,,5.0,3.4,8.4,4.2
456,Derrick White\whitede01,PG,23,SAS,12,77,10.0,.552,.273,.909,5.8,15.8,10.8,8.9,2.0,2.2,24.5,12.0,,0.0,0.1,0.1,.087,,-3.4,2.3,-1.1,0.0
457,Okaro White\whiteok01,PF,25,MIA,6,80,9.1,.577,.688,.188,4.3,11.5,7.9,3.6,0.6,1.1,5.5,10.4,,0.1,0.1,0.2,.093,,-1.2,-1.3,-2.6,0.0
458,Isaiah Whitehead\whiteis01,PG,22,BRK,10,142,11.6,.539,.190,.270,2.2,12.8,7.4,22.2,2.4,1.1,23.8,27.8,,-0.2,0.2,-0.1,-0.027,,-4.4,-0.1,-4.6,-0.1
459,Hassan Whiteside\whiteha01,C,28,MIA,26,670,25.7,.601,.007,.328,12.6,39.1,25.9,4.3,1.5,6.3,11.4,23.8,,1.4,1.5,2.9,.208,,-2.3,1.7,-0.6,0.2
460,Andrew Wiggins\wiggian01,SF,22,MIN,47,1696,13.4,.502,.274,.278,3.3,10.1,6.7,7.6,1.7,1.6,8.0,23.3,,0.6,1.1,1.7,.047,,-1.0,-1.3,-2.3,-0.1
461,Jacob Wiley\wileyja01,PF,23,BRK,5,33,8.2,.410,.500,.500,6.3,29.1,17.6,8.0,1.5,0.0,0.0,6.3,,0.0,0.0,0.1,.102,,-3.9,1.5,-2.3,0.0
462,Damien Wilkins\wilkida02,SF,38,IND,19,152,4.9,.405,.462,.103,3.8,8.1,6.0,7.7,0.7,0.6,10.9,13.5,,-0.1,0.0,-0.1,-0.025,,-4.0,-2.2,-6.2,-0.2
463,C.J. Williams\willicj01,SG,27,LAC,28,544,10.3,.549,.414,.097,2.0,6.6,4.4,6.4,2.2,2.0,9.6,13.3,,0.4,0.5,0.8,.071,,-0.9,0.5,-0.4,0.2
464,Lou Williams\willilo02,SG,31,LAC,43,1373,22.4,.608,.440,.365,1.8,7.0,4.4,26.8,1.3,0.5,13.1,29.9,,4.3,0.7,4.9,.172,,5.7,-3.2,2.6,1.6
465,Marvin Williams\willima02,PF,31,CHO,43,1110,14.7,.641,.530,.215,4.0,15.7,9.8,6.4,1.3,1.1,8.9,13.9,,2.3,1.2,3.5,.150,,1.8,0.7,2.5,1.3
466,Matt Williams\willima05,SG,24,MIA,3,11,-0.6,.417,.833,.000,0.0,10.4,5.2,0.0,0.0,0.0,14.3,29.0,,-0.1,0.0,0.0,-0.208,,-8.4,-8.7,-17.2,0.0
467,Troy Williams\willitr02,SF,23,HOU,4,17,-2.3,.242,.556,.333,6.6,20.1,13.3,8.4,2.8,0.0,8.8,28.8,,-0.1,0.0,-0.1,-0.257,,-11.3,-3.1,-14.4,-0.1
468,D.J. Wilson\wilsodj01,PF,21,MIL,14,52,0.4,.444,.333,.000,0.0,13.9,6.9,5.2,1.0,0.0,30.8,11.4,,-0.1,0.0,-0.1,-0.095,,-7.8,-2.1,-9.9,-0.1
469,Jamil Wilson\wilsoja02,SF,27,LAC,15,274,11.7,.634,.778,.049,1.2,11.6,6.4,5.4,0.9,2.5,8.8,14.4,,0.4,0.2,0.6,.105,,1.1,-0.9,0.2,0.2
470,Justise Winslow\winslju01,SF,21,MIA,30,673,11.3,.494,.243,.144,4.6,22.0,13.3,13.8,1.4,1.3,13.1,15.0,,0.2,0.8,1.0,.072,,-2.8,1.5,-1.2,0.1
471,Jeff Withey\witheje01,C,27,DAL,10,39,8.5,.444,.625,.125,2.8,26.9,14.4,0.0,0.0,6.9,10.6,22.2,,-0.1,0.1,0.0,-0.054,,-8.9,-3.6,-12.5,-0.1
472,Nate Wolters\woltena01,PG,26,UTA,5,19,-2.8,.167,.000,.000,5.9,6.2,6.1,7.3,0.0,0.0,0.0,14.4,,-0.1,0.0,-0.1,-0.169,,-10.3,-2.9,-13.2,-0.1
473,Brandan Wright\wrighbr03,PF,30,MEM,24,326,20.4,.595,.000,.330,11.0,19.4,15.2,4.6,1.9,6.8,5.6,15.0,,0.8,0.5,1.3,.188,,-1.0,2.6,1.6,0.3
474,Delon Wright\wrighde01,PG,25,TOR,31,666,17.8,.613,.332,.296,4.3,11.3,7.9,16.9,2.5,2.5,15.4,17.3,,1.4,0.9,2.3,.167,,1.9,1.9,3.8,1.0
475,Guerschon Yabusele\yabusgu01,PF,22,BOS,18,85,12.3,.556,.667,.074,13.1,18.9,16.0,9.0,0.0,1.0,15.2,17.3,,0.1,0.1,0.2,.128,,-0.2,-1.1,-1.3,0.0
476,Joe Young\youngjo01,PG,25,IND,28,254,14.2,.575,.323,.258,2.3,10.5,6.5,10.4,0.8,0.3,9.6,20.2,,0.4,0.1,0.5,.089,,-0.6,-3.4,-4.0,-0.1
477,Nick Young\youngni01,SG,32,GSW,44,634,11.4,.584,.677,.119,1.5,7.7,4.9,3.8,1.5,0.6,8.2,18.5,,0.4,0.5,0.9,.072,,0.4,-3.3,-2.9,-0.1
478,Thaddeus Young\youngth01,PF,29,IND,45,1457,14.4,.531,.243,.075,7.2,13.9,10.6,9.0,2.3,1.1,10.1,17.0,,1.4,1.4,2.8,.093,,0.5,0.8,1.3,1.2
479,Cody Zeller\zelleco01,C,25,CHO,19,378,16.0,.568,.011,.611,12.8,16.9,14.8,6.3,1.2,4.7,14.8,16.2,,0.6,0.5,1.2,.147,,-1.2,2.7,1.5,0.3
480,Tyler Zeller\zellety01,C,28,BRK,36,633,15.4,.589,.106,.271,9.2,19.6,14.3,6.8,0.6,2.2,13.1,18.0,,0.9,0.6,1.5,.113,,-1.8,0.1,-1.7,0.0
481,Paul Zipser\zipsepa01,SF,23,CHI,39,586,3.8,.414,.407,.099,1.6,16.9,9.0,7.4,1.3,0.9,16.3,15.1,,-1.1,0.4,-0.7,-0.057,,-6.6,-0.2,-6.8,-0.7
482,Ante Zizic\zizican01,C,21,CLE,12,41,13.1,.462,.000,.636,13.9,26.9,20.5,3.4,0.0,6.3,12.4,17.4,,0.0,0.0,0.1,.065,,-6.5,-0.8,-7.3,-0.1
483,Ivica Zubac\zubaciv01,C,20,LAL,12,47,2.3,.429,.000,.000,6.7,16.0,11.3,3.0,0.0,0.0,22.2,16.1,,-0.1,0.0,-0.1,-0.083,,-9.2,-3.0,-12.2,-0.1